day,year,mo,da,collision_date,temp,dewp,slp,visib,wdsp,mxpsd,gust,max,min,prcp,sndp,fog,NUM_COLLISIONS
4,2021,01,14,2021-01-14,42.9,28.4,1010.5,8.2,1.6,4.1,999.9,48.9,35.1,0.0,999.9,0,253
6,2022,01,01,2022-01-01,52.3,49.5,1009.6,6.5,1.9,7.0,999.9,55.9,48.0,0.0,999.9,0,283
4,2018,01,11,2018-01-11,44.7,36.7,1028.2,8.8,2.4,6.0,999.9,53.1,30.0,0.0,3.9,0,696
3,2016,01,06,2016-01-06,31.2,2.8,1034.2,10.0,2.4,7.0,999.9,41.0,10.9,0.0,999.9,0,625
2,2023,01,03,2023-01-03,51.6,47.7,1017.3,5.8,2.5,7.0,999.9,57.0,46.4,0.04,999.9,1,225
1,2021,01,11,2021-01-11,32.4,20.5,1025.4,10.0,2.7,5.1,999.9,41.0,28.0,0.0,999.9,0,238
1,2023,01,30,2023-01-30,48.1,34.8,1020.4,10.0,2.7,8.9,999.9,55.0,42.1,0.0,999.9,0,232
4,2022,01,13,2022-01-13,39.6,24.2,1016.3,9.8,2.7,7.0,999.9,48.0,35.1,0.0,999.9,0,268
5,2020,01,31,2020-01-31,37.9,27.9,1026.3,10.0,2.7,5.1,999.9,44.1,25.0,0.0,999.9,0,518
4,2014,01,09,2014-01-09,25.3,5.4,1035.2,10.0,2.8,8.0,999.9,32.0,9.0,0.0,999.9,0,561
6,2020,01,04,2020-01-04,48.6,46.2,1005.7,4.9,2.8,6.0,999.9,51.1,44.1,0.34,999.9,1,353
5,2014,01,10,2014-01-10,32.3,22.6,1033.3,6.4,2.9,7.0,999.9,36.0,21.9,0.0,999.9,0,667
7,2013,01,13,2013-01-13,45.3,43.1,1019.7,4.2,2.9,8.0,999.9,48.9,43.0,0.02,999.9,1,373
1,2016,01,25,2016-01-25,32.7,16.2,1022.9,9.6,2.9,6.0,999.9,39.0,19.9,0.0,22.0,0,658
2,2020,01,14,2020-01-14,42.3,36.2,1027.0,7.7,2.9,8.0,999.9,46.0,37.0,0.0,999.9,0,497
4,2016,01,07,2016-01-07,37.9,8.7,1027.2,10.0,2.9,8.0,999.9,46.0,25.0,0.0,999.9,0,542
3,2021,01,13,2021-01-13,38.9,22.9,1016.8,8.9,3.0,8.0,17.1,44.1,33.1,0.0,999.9,0,245
1,2024,01,01,2024-01-01,42.5,29.6,1016.1,9.8,3.0,6.0,999.9,46.9,37.9,0.01,999.9,0,246
4,2017,01,19,2017-01-19,42.1,35.0,1016.5,10.0,3.0,8.0,999.9,48.9,37.9,0.06,999.9,0,610
4,2015,01,29,2015-01-29,26.6,6.5,1024.2,10.0,3.1,6.0,999.9,34.0,16.0,0.0,7.9,0,519
4,2014,01,30,2014-01-30,21.2,0.2,1027.9,10.0,3.1,8.9,18.1,30.0,14.0,0.0,2.0,0,657
1,2023,01,02,2023-01-02,52.0,38.0,1018.6,10.0,3.1,6.0,999.9,55.9,48.9,0.0,999.9,0,206
2,2024,01,02,2024-01-02,35.7,21.5,1018.0,10.0,3.1,6.0,999.9,46.9,28.9,0.02,999.9,0,253
1,2017,01,16,2017-01-16,35.0,20.0,1029.7,10.0,3.1,7.0,999.9,43.0,30.0,0.0,1.2,0,477
1,2018,01,22,2018-01-22,45.1,37.0,1021.1,7.0,3.2,8.0,14.0,50.0,41.0,0.01,999.9,0,559
3,2023,01,04,2023-01-04,59.1,52.8,1010.1,8.3,3.2,8.9,999.9,66.0,46.9,0.4,999.9,0,251
5,2018,01,26,2018-01-26,30.7,4.8,1037.1,10.0,3.2,8.0,14.0,37.9,23.0,0.0,999.9,0,677
4,2024,01,25,2024-01-25,51.8,48.0,1020.9,5.2,3.3,7.0,14.0,59.0,37.9,0.19,999.9,0,252
7,2023,01,22,2023-01-22,38.4,25.1,1021.2,9.6,3.3,8.0,999.9,42.1,36.0,0.0,999.9,0,243
6,2024,01,27,2024-01-27,45.3,38.9,1021.3,8.3,3.3,9.9,32.1,48.9,42.1,0.03,999.9,0,243
1,2015,01,12,2015-01-12,36.9,23.7,1029.2,6.6,3.3,8.9,15.0,37.9,35.1,0.01,1.2,0,580
3,2014,01,15,2014-01-15,42.6,37.5,1009.9,8.8,3.3,6.0,999.9,46.9,39.2,0.38,999.9,0,583
7,2015,01,18,2015-01-18,35.1,27.8,1021.2,5.7,3.3,6.0,999.9,42.8,30.0,0.0,999.9,1,961
2,2023,01,31,2023-01-31,40.8,28.8,1020.6,9.3,3.3,8.9,999.9,55.0,34.0,0.03,999.9,0,261
2,2021,01,12,2021-01-12,37.3,23.0,1019.9,9.4,3.4,6.0,999.9,44.1,28.0,0.0,999.9,0,279
7,2018,01,21,2018-01-21,46.0,28.3,1019.4,10.0,3.4,7.0,999.9,52.0,37.9,0.0,999.9,0,418
2,2023,01,17,2023-01-17,41.0,12.6,1006.8,10.0,3.4,7.0,999.9,48.0,28.0,0.0,999.9,0,256
1,2022,01,24,2022-01-24,30.5,20.7,1011.1,8.1,3.4,8.0,999.9,37.0,24.1,0.02,999.9,0,238
4,2015,01,22,2015-01-22,34.4,19.0,1022.5,8.3,3.4,8.0,999.9,39.9,25.0,0.0,999.9,0,508
6,2013,01,12,2013-01-12,44.6,43.0,1020.5,3.9,3.5,7.0,999.9,46.9,42.1,0.57,999.9,0,475
1,2013,01,28,2013-01-28,31.8,19.0,1029.1,6.9,3.5,8.9,18.1,34.0,28.9,0.0,1.2,0,507
3,2024,01,24,2024-01-24,41.1,34.9,1032.8,6.5,3.5,8.0,999.9,46.0,34.0,0.06,1.2,0,260
1,2022,01,31,2022-01-31,25.0,5.6,1025.3,10.0,3.5,6.0,14.0,30.9,12.0,0.0,7.1,0,312
3,2018,01,03,2018-01-03,21.6,2.1,1025.4,10.0,3.5,8.0,24.1,30.0,12.9,0.0,999.9,0,645
3,2013,01,30,2013-01-30,45.7,42.9,1010.2,3.5,3.6,8.9,999.9,59.0,39.0,0.06,999.9,1,497
4,2015,01,15,2015-01-15,29.5,16.3,1019.8,10.0,3.6,8.0,999.9,34.0,25.0,0.0,999.9,0,548
4,2013,01,03,2013-01-03,28.4,14.1,1020.6,10.0,3.7,8.0,15.0,32.0,24.1,0.0,999.9,0,549
3,2013,01,09,2013-01-09,43.8,30.8,1026.3,7.8,3.7,9.9,15.9,48.9,39.0,0.0,999.9,0,487
7,2017,01,22,2017-01-22,44.5,43.6,1006.9,3.4,3.7,9.9,17.1,48.9,41.0,0.0,999.9,1,411
3,2018,01,10,2018-01-10,35.1,21.0,1030.3,10.0,3.7,7.0,999.9,44.1,30.0,0.0,5.1,0,687
5,2022,01,28,2022-01-28,30.6,17.8,1021.2,6.6,3.7,8.0,17.1,32.0,17.1,0.0,999.9,0,283
7,2017,01,15,2017-01-15,33.0,23.8,1027.0,8.5,3.7,8.0,999.9,37.9,28.0,0.12,999.9,0,490
5,2020,01,03,2020-01-03,46.6,38.6,1009.7,8.1,3.7,6.0,15.0,48.9,33.1,0.06,999.9,0,456
2,2017,01,17,2017-01-17,40.0,30.4,1024.1,6.6,3.8,9.9,17.1,43.0,30.0,0.0,999.9,0,657
5,2016,01,15,2016-01-15,41.2,27.5,1012.0,9.5,3.8,8.0,15.0,51.1,21.9,0.0,999.9,0,722
7,2014,01,05,2014-01-05,30.3,21.9,1025.6,6.4,3.8,7.0,15.0,36.0,27.0,0.0,5.9,1,320
3,2024,01,31,2024-01-31,36.6,29.0,1020.4,9.5,3.8,8.0,15.0,39.9,33.8,0.0,999.9,0,244
7,2018,01,28,2018-01-28,51.2,42.8,1023.9,9.0,3.8,8.0,18.1,55.9,48.0,0.14,999.9,0,412
2,2018,01,16,2018-01-16,29.1,22.2,1032.0,10.0,3.9,7.0,999.9,36.0,16.0,0.0,999.9,0,617
2,2021,01,05,2021-01-05,38.4,29.6,1013.1,10.0,3.9,7.0,999.9,43.0,35.1,0.02,999.9,0,228
4,2021,01,21,2021-01-21,32.3,14.3,1010.8,10.0,3.9,9.9,20.0,43.0,25.0,0.02,999.9,0,251
1,2013,01,14,2013-01-14,52.5,45.4,1016.8,5.9,3.9,8.9,15.9,72.0,48.0,0.0,999.9,1,542
3,2020,01,15,2020-01-15,45.2,35.4,1020.8,7.2,4.0,9.9,17.1,50.0,39.0,0.07,999.9,0,508
6,2017,01,21,2017-01-21,42.9,41.0,1011.5,5.3,4.0,7.0,14.0,48.9,39.9,0.1,999.9,0,475
5,2017,01,20,2017-01-20,41.9,33.0,1016.1,9.3,4.0,8.9,999.9,48.9,39.0,0.0,999.9,0,605
2,2024,01,09,2024-01-09,41.7,31.2,1024.4,8.5,4.0,13.0,29.9,51.1,36.0,0.0,999.9,0,279
2,2017,01,10,2017-01-10,27.7,15.3,1035.5,10.0,4.0,8.0,14.0,37.9,14.0,0.0,3.1,0,597
6,2014,01,04,2014-01-04,15.8,-1.4,1031.0,10.0,4.0,8.0,17.1,28.0,8.1,0.02,5.9,0,418
6,2020,01,18,2020-01-18,23.9,6.5,1034.3,7.6,4.0,12.0,22.0,34.0,19.9,0.0,999.9,1,774
2,2023,01,10,2023-01-10,39.6,24.6,1015.6,9.9,4.0,7.0,999.9,44.1,37.0,0.0,999.9,0,252
6,2017,01,14,2017-01-14,31.1,16.4,1038.1,8.4,4.1,8.0,15.0,35.1,28.0,0.0,999.9,1,495
2,2020,01,21,2020-01-21,25.1,5.0,1029.7,10.0,4.1,8.0,15.0,33.1,19.9,0.0,999.9,0,556
7,2021,01,10,2021-01-10,34.1,16.8,1019.9,10.0,4.1,8.9,15.9,41.0,24.1,0.0,999.9,0,177
4,2016,01,28,2016-01-28,37.0,19.3,1015.4,10.0,4.1,12.0,15.9,46.9,32.0,0.0,9.1,0,681
7,2022,01,02,2022-01-02,53.2,50.6,1002.9,5.8,4.1,8.9,19.0,59.0,46.0,0.83,999.9,0,180
4,2023,01,12,2023-01-12,42.1,35.4,1020.7,9.4,4.2,8.9,15.0,54.0,35.1,0.01,999.9,0,280
7,2023,01,08,2023-01-08,37.7,21.9,1024.7,10.0,4.2,8.0,999.9,45.0,33.1,0.0,999.9,0,188
4,2020,01,30,2020-01-30,31.3,14.3,1024.8,10.0,4.2,8.0,15.0,37.9,25.0,0.0,999.9,0,525
3,2015,01,21,2015-01-21,31.4,8.9,1019.4,10.0,4.2,7.0,999.9,39.9,25.0,0.0,999.9,0,495
4,2022,01,27,2022-01-27,23.9,4.6,1029.9,10.0,4.2,8.0,999.9,32.0,17.1,0.0,999.9,0,272
3,2022,01,05,2022-01-05,37.5,29.1,1018.3,8.5,4.2,12.0,20.0,46.9,19.0,0.03,999.9,0,306
2,2015,01,06,2015-01-06,21.0,4.8,1026.7,7.3,4.2,9.9,22.0,27.0,19.0,0.0,999.9,0,777
6,2024,01,06,2024-01-06,34.2,21.5,1021.5,8.3,4.2,11.1,19.0,37.9,26.1,0.0,999.9,1,234
5,2023,01,06,2023-01-06,45.1,40.4,1014.8,6.9,4.3,8.0,14.0,50.0,42.1,0.26,999.9,0,234
7,2023,01,29,2023-01-29,48.8,29.2,1023.7,10.0,4.3,8.9,17.1,53.1,36.0,0.0,999.9,0,215
4,2023,01,19,2023-01-19,42.7,34.6,1015.0,7.5,4.3,8.9,15.9,53.1,39.9,0.54,999.9,0,298
5,2016,01,08,2016-01-08,40.2,25.5,1022.4,10.0,4.3,8.9,999.9,44.6,35.6,0.0,999.9,0,602
2,2013,01,29,2013-01-29,40.3,35.3,1018.2,5.3,4.3,8.0,14.0,48.0,34.0,0.22,1.2,0,542
4,2023,01,05,2023-01-05,49.0,46.4,1012.8,6.5,4.3,8.9,999.9,66.0,46.9,0.03,999.9,0,235
2,2018,01,23,2018-01-23,46.7,43.4,1008.5,4.4,4.4,11.1,19.0,60.1,37.9,0.02,999.9,1,531
5,2021,01,01,2021-01-01,36.5,24.6,1030.1,9.8,4.4,8.9,999.9,48.0,33.1,0.39,999.9,0,257
5,2017,01,06,2017-01-06,30.2,16.0,1016.5,8.0,4.4,8.0,15.0,34.0,27.0,0.04,999.9,1,600
2,2017,01,31,2017-01-31,29.3,15.8,1013.3,7.5,4.4,8.0,999.9,37.0,26.1,0.0,999.9,1,571
3,2023,01,25,2023-01-25,38.4,25.9,1024.0,8.7,4.4,8.9,17.1,46.0,35.1,0.0,999.9,0,256
2,2024,01,30,2024-01-30,36.3,24.5,1021.1,10.0,4.4,8.9,22.9,39.9,35.1,0.05,999.9,0,205
1,2014,01,13,2014-01-13,42.7,29.3,1018.0,9.8,4.4,9.9,21.0,54.0,37.0,0.05,999.9,0,568
5,2013,01,11,2013-01-11,40.5,27.1,1030.4,9.4,4.5,7.0,999.9,44.1,37.0,0.0,999.9,0,660
1,2023,01,09,2023-01-09,39.6,27.7,1015.6,9.4,4.5,8.9,15.0,44.1,33.1,0.01,999.9,0,242
5,2021,01,08,2021-01-08,32.0,19.5,1016.4,10.0,4.5,8.9,999.9,41.0,27.0,0.0,999.9,0,272
3,2018,01,17,2018-01-17,33.6,29.9,1025.3,6.4,4.5,9.9,15.9,36.0,25.0,0.0,999.9,0,611
2,2020,01,07,2020-01-07,41.2,20.3,1016.2,10.0,4.6,8.9,19.0,45.0,32.0,0.0,999.9,0,408
1,2017,01,09,2017-01-09,18.6,3.1,1037.9,10.0,4.6,8.0,17.1,25.0,14.0,0.0,3.9,0,669
3,2013,01,16,2013-01-16,34.2,30.0,1018.6,5.4,4.6,12.0,14.0,37.9,32.0,0.63,999.9,0,578
2,2016,01,12,2016-01-12,32.2,11.5,1013.5,10.0,4.6,9.9,24.1,44.1,25.0,0.0,999.9,0,637
3,2022,01,19,2022-01-19,37.4,19.8,1018.6,10.0,4.7,8.9,22.9,48.9,28.0,0.0,999.9,0,255
3,2022,01,12,2022-01-12,27.9,9.5,1025.0,10.0,4.7,12.0,21.0,39.9,15.1,0.0,999.9,0,250
2,2014,01,14,2014-01-14,48.3,40.0,1009.4,8.5,4.7,8.9,18.1,52.0,37.0,0.0,999.9,0,559
6,2020,01,11,2020-01-11,59.3,48.1,1024.9,10.0,4.8,7.0,19.0,68.0,51.1,0.0,999.9,0,439
7,2021,01,31,2021-01-31,23.7,9.1,1025.9,9.3,4.8,7.0,14.0,32.0,17.1,0.0,999.9,0,297
3,2024,01,03,2024-01-03,38.4,23.8,1016.1,10.0,4.8,7.0,999.9,43.0,28.9,0.0,999.9,0,237
5,2018,01,19,2018-01-19,30.4,13.7,1017.0,10.0,4.8,8.9,999.9,37.9,18.0,0.0,999.9,0,599
1,2020,01,13,2020-01-13,43.3,32.2,1029.0,9.8,4.8,8.0,999.9,68.0,37.0,0.0,999.9,0,476
7,2023,01,01,2023-01-01,52.4,43.7,1011.6,8.1,4.8,8.9,15.0,55.0,50.0,0.28,999.9,0,275
2,2022,01,25,2022-01-25,37.3,24.3,1012.6,9.0,4.9,8.9,15.0,42.1,26.1,0.0,999.9,0,235
4,2013,01,17,2013-01-17,39.2,28.0,1015.6,9.7,4.9,8.0,15.9,43.0,36.0,0.09,999.9,0,491
1,2017,01,30,2017-01-30,34.6,13.9,1007.9,10.0,4.9,9.9,15.9,43.0,30.9,0.0,999.9,0,545
4,2020,01,09,2020-01-09,28.2,6.2,1035.6,10.0,4.9,12.0,21.0,42.1,23.0,0.0,999.9,0,521
5,2014,01,31,2014-01-31,30.7,9.9,1021.2,10.0,5.0,8.9,15.9,39.0,16.0,0.0,1.2,0,560
7,2017,01,01,2017-01-01,44.8,22.9,1017.9,10.0,5.0,9.9,21.0,48.0,43.0,0.0,999.9,0,485
4,2016,01,21,2016-01-21,30.9,12.5,1019.7,10.0,5.0,8.9,19.0,37.0,26.1,0.0,999.9,0,666
1,2021,01,25,2021-01-25,29.0,9.0,1019.6,10.0,5.0,11.1,17.1,37.0,21.9,0.0,999.9,0,260
6,2015,01,03,2015-01-03,35.5,22.4,1032.6,7.6,5.0,8.9,14.0,42.1,33.1,0.0,999.9,0,456
4,2016,01,14,2016-01-14,27.9,8.6,1014.2,10.0,5.1,8.9,17.1,37.0,21.9,0.0,999.9,0,597
2,2016,01,26,2016-01-26,41.4,26.9,1018.9,9.8,5.1,8.9,25.1,48.0,28.0,0.0,18.9,0,734
2,2015,01,20,2015-01-20,37.5,20.2,1012.3,10.0,5.1,8.0,17.1,42.1,34.0,0.0,999.9,0,500
4,2017,01,26,2017-01-26,49.2,34.4,997.8,9.8,5.1,15.0,27.0,54.0,45.0,0.0,999.9,0,563
1,2018,01,08,2018-01-08,22.5,7.7,1024.3,9.6,5.1,9.9,24.1,30.0,5.0,0.0,5.9,0,720
3,2014,01,01,2014-01-01,28.2,10.7,1026.8,10.0,5.1,8.9,20.0,33.1,21.0,0.0,999.9,0,399
6,2018,01,27,2018-01-27,42.6,28.2,1031.8,10.0,5.1,9.9,18.1,55.9,26.1,0.0,999.9,0,510
7,2015,01,04,2015-01-04,45.4,42.3,1010.6,5.8,5.1,8.9,19.0,55.9,33.1,0.89,999.9,0,381
1,2013,01,21,2013-01-21,29.8,9.3,1016.1,10.0,5.1,11.1,22.9,39.9,26.1,0.0,999.9,0,355
2,2013,01,08,2013-01-08,40.7,25.4,1028.5,9.3,5.1,8.9,22.0,48.0,35.1,0.0,999.9,0,513
4,2024,01,04,2024-01-04,40.0,23.8,1014.8,10.0,5.2,15.0,22.9,45.0,34.0,0.0,999.9,0,219
6,2022,01,22,2022-01-22,20.5,3.4,1029.3,10.0,5.2,11.1,17.1,28.9,12.9,0.0,999.9,0,267
4,2020,01,02,2020-01-02,39.6,22.4,1013.2,10.0,5.2,9.9,17.1,48.9,33.1,0.0,999.9,0,413
5,2024,01,26,2024-01-26,45.2,41.6,1019.0,6.3,5.2,11.1,33.0,59.0,42.1,0.25,999.9,0,267
5,2020,01,10,2020-01-10,41.4,29.3,1035.4,10.0,5.2,8.9,15.9,55.0,23.0,0.0,999.9,0,522
3,2017,01,11,2017-01-11,45.8,37.8,1024.9,9.5,5.3,12.0,20.0,52.0,37.9,0.26,3.1,0,629
5,2016,01,22,2016-01-22,25.9,5.1,1023.7,10.0,5.3,12.0,17.1,36.0,21.0,0.0,999.9,0,702
1,2024,01,15,2024-01-15,26.9,3.5,1022.4,10.0,5.3,8.0,15.9,44.1,23.0,0.0,999.9,0,197
6,2023,01,21,2023-01-21,40.0,25.8,1017.3,10.0,5.3,12.0,19.0,48.9,37.9,0.0,999.9,0,230
3,2013,01,02,2013-01-02,27.1,10.5,1016.8,10.0,5.3,9.9,19.0,33.1,21.9,0.0,999.9,0,480
7,2022,01,23,2022-01-23,29.1,7.8,1014.3,10.0,5.3,9.9,18.1,37.0,12.9,0.0,999.9,0,229
7,2013,01,06,2013-01-06,38.3,25.0,1019.5,8.5,5.3,8.9,17.1,46.0,34.0,0.0,999.9,0,393
1,2021,01,04,2021-01-04,37.7,32.1,1014.5,9.2,5.3,11.1,18.1,43.0,34.0,0.24,999.9,0,242
4,2015,01,01,2015-01-01,31.4,8.1,1019.6,10.0,5.3,9.9,25.1,39.0,27.0,0.0,999.9,0,395
3,2023,01,11,2023-01-11,37.8,22.4,1022.2,10.0,5.4,8.9,15.9,41.0,35.1,0.0,999.9,0,216
1,2020,01,06,2020-01-06,37.3,25.2,1014.3,8.9,5.4,11.1,20.0,45.0,32.0,0.04,999.9,0,459
3,2021,01,27,2021-01-27,34.3,27.2,1014.4,7.4,5.4,11.1,20.0,37.0,30.9,0.1,999.9,0,262
5,2023,01,27,2023-01-27,39.2,24.0,1016.3,10.0,5.4,11.1,22.0,57.0,35.1,0.44,999.9,0,235
7,2015,01,11,2015-01-11,25.7,3.0,1035.9,10.0,5.5,9.9,20.0,37.0,16.0,0.0,1.2,0,341
5,2016,01,29,2016-01-29,38.3,21.7,1001.0,9.5,5.5,12.0,22.9,42.1,32.0,0.0,5.9,0,645
6,2015,01,24,2015-01-24,35.4,29.3,1005.6,4.2,5.5,11.1,17.1,39.0,28.0,0.66,999.9,1,428
6,2016,01,16,2016-01-16,46.0,37.3,999.9,8.6,5.5,11.1,19.0,52.0,34.0,0.21,999.9,0,563
5,2023,01,20,2023-01-20,43.4,36.1,1003.9,8.5,5.5,13.0,22.9,48.9,39.9,0.33,999.9,0,235
5,2015,01,23,2015-01-23,32.7,15.6,1024.9,10.0,5.5,8.9,19.0,39.9,28.0,0.0,999.9,0,598
1,2024,01,22,2024-01-22,29.2,10.9,1032.9,10.0,5.5,9.9,22.0,37.9,19.9,0.0,1.2,0,244
5,2024,01,19,2024-01-19,30.6,17.2,1013.4,7.2,5.5,18.1,29.9,34.0,21.9,0.0,1.2,0,252
3,2016,01,20,2016-01-20,30.7,13.1,1020.5,10.0,5.6,11.1,21.0,37.0,16.0,0.0,999.9,0,623
2,2024,01,23,2024-01-23,36.6,21.6,1031.5,9.4,5.6,9.9,18.1,39.9,25.0,0.0,1.2,0,225
7,2013,01,27,2013-01-27,24.5,7.5,1030.3,10.0,5.6,9.9,15.9,34.0,19.0,0.0,2.0,0,429
7,2016,01,31,2016-01-31,42.6,24.5,1013.7,10.0,5.6,11.1,22.0,55.9,28.0,0.0,5.9,0,532
6,2014,01,11,2014-01-11,47.7,45.2,1014.7,3.1,5.6,9.9,21.0,57.9,30.0,1.4,999.9,1,465
2,2013,01,15,2013-01-15,37.9,27.9,1025.5,9.7,5.7,11.1,14.0,50.0,35.1,0.09,999.9,0,516
6,2013,01,26,2013-01-26,19.9,9.2,1019.8,9.0,5.7,9.9,15.0,26.1,15.1,0.07,999.9,0,558
1,2013,01,07,2013-01-07,40.9,23.8,1022.6,10.0,5.7,11.1,17.1,45.0,37.0,0.0,999.9,0,521
5,2013,01,18,2013-01-18,30.2,12.2,1024.4,10.0,5.7,9.9,20.0,39.9,25.0,0.0,999.9,0,561
2,2021,01,19,2021-01-19,37.8,23.4,1015.9,10.0,5.7,12.0,22.0,45.0,35.1,0.0,999.9,0,261
3,2021,01,20,2021-01-20,36.6,19.2,1014.4,9.5,5.7,13.0,22.9,43.0,30.9,0.0,999.9,0,253
5,2021,01,22,2021-01-22,40.9,21.7,1004.6,10.0,5.7,12.0,25.1,45.0,25.0,0.0,999.9,0,254
2,2022,01,04,2022-01-04,25.3,8.7,1027.2,10.0,5.7,9.9,18.1,37.0,19.0,0.0,999.9,0,255
5,2018,01,12,2018-01-12,54.5,52.8,1015.6,5.9,5.7,8.9,19.0,61.0,41.0,0.0,3.1,1,704
5,2021,01,15,2021-01-15,41.2,34.4,1013.3,7.0,5.7,12.0,17.1,48.9,37.9,0.0,999.9,0,272
3,2022,01,26,2022-01-26,25.6,4.1,1025.0,10.0,5.8,11.1,20.0,42.1,19.9,0.0,999.9,0,266
1,2024,01,08,2024-01-08,39.1,23.9,1022.7,9.6,5.8,11.1,20.0,45.0,34.0,0.11,999.9,0,236
7,2017,01,29,2017-01-29,38.4,18.6,1006.0,10.0,5.8,11.1,17.1,43.0,35.1,0.0,999.9,0,428
7,2015,01,25,2015-01-25,37.8,20.0,1004.0,9.9,5.8,9.9,22.9,42.1,33.1,0.06,3.1,0,406
7,2016,01,17,2016-01-17,37.3,23.1,1009.2,8.6,5.8,9.9,15.9,52.0,30.0,0.03,999.9,1,451
3,2014,01,29,2014-01-29,17.4,-2.4,1022.0,8.4,5.8,8.9,18.1,23.0,12.0,0.04,1.2,0,649
4,2024,01,11,2024-01-11,44.0,25.5,1008.3,10.0,5.8,9.9,19.0,57.0,41.0,0.22,999.9,0,290
1,2014,01,27,2014-01-27,34.8,17.4,1006.9,10.0,5.9,15.0,24.1,44.1,25.0,0.0,3.9,0,511
1,2024,01,29,2024-01-29,37.8,31.6,1008.6,8.9,5.9,11.1,28.0,44.1,37.0,0.46,999.9,0,257
5,2024,01,12,2024-01-12,44.5,28.4,1018.6,10.0,5.9,14.0,28.0,50.0,39.9,0.0,999.9,0,299
4,2013,01,10,2013-01-10,44.3,25.4,1028.5,9.9,5.9,11.1,19.0,48.0,39.9,0.0,999.9,0,555
2,2021,01,26,2021-01-26,33.3,19.7,1017.0,7.5,6.0,11.1,17.1,37.0,23.0,0.0,999.9,0,263
3,2018,01,31,2018-01-31,24.9,6.8,1022.1,10.0,6.0,13.0,24.1,36.0,18.0,0.02,999.9,0,596
6,2016,01,02,2016-01-02,35.8,17.7,1016.9,10.0,6.0,12.0,18.1,42.1,32.0,0.0,999.9,0,422
5,2023,01,13,2023-01-13,52.0,46.8,1002.3,8.2,6.0,11.1,20.0,57.0,37.0,0.38,999.9,0,299
6,2021,01,09,2021-01-09,30.7,14.9,1011.6,10.0,6.0,13.0,24.1,37.0,24.1,0.0,999.9,0,244
6,2016,01,30,2016-01-30,32.8,15.8,1014.6,10.0,6.0,11.1,22.0,41.0,28.0,0.0,5.9,0,596
3,2017,01,04,2017-01-04,44.6,37.3,998.8,7.9,6.1,15.0,27.0,52.0,39.9,0.49,999.9,0,590
5,2013,01,25,2013-01-25,17.1,1.5,1027.5,9.3,6.1,11.1,22.0,24.1,12.9,0.0,999.9,0,674
1,2021,01,18,2021-01-18,41.3,25.6,1006.3,10.0,6.1,9.9,18.1,45.0,35.1,0.0,999.9,0,225
2,2013,01,01,2013-01-01,37.8,23.6,1011.9,10.0,6.1,8.9,19.0,39.9,33.1,0.0,999.9,0,381
6,2023,01,28,2023-01-28,42.7,21.7,1022.7,10.0,6.1,11.1,28.0,52.0,35.1,0.0,999.9,0,260
3,2023,01,18,2023-01-18,47.5,32.2,1006.7,9.8,6.1,13.0,22.0,53.1,35.1,0.05,999.9,0,258
4,2022,01,06,2022-01-06,38.7,23.9,1009.8,10.0,6.1,9.9,18.1,46.9,30.9,0.2,999.9,0,233
6,2017,01,07,2017-01-07,23.0,11.3,1024.1,5.7,6.2,9.9,18.1,28.9,19.4,0.01,1.2,1,896
7,2022,01,09,2022-01-09,34.0,21.3,1027.4,9.7,6.2,12.0,19.0,39.0,19.9,0.0,3.1,0,234
6,2023,01,07,2023-01-07,40.7,28.5,1019.9,10.0,6.2,8.9,999.9,48.9,37.0,0.01,999.9,0,181
1,2015,01,19,2015-01-19,39.2,27.9,1008.4,9.4,6.2,11.1,22.9,42.1,30.9,2.1,999.9,0,496
3,2016,01,27,2016-01-27,43.9,24.7,1015.7,9.9,6.2,9.9,22.0,48.0,37.9,0.0,16.9,0,670
6,2021,01,02,2021-01-02,41.5,35.3,1012.8,5.9,6.2,9.9,21.0,51.1,33.1,0.67,999.9,0,220
2,2016,01,05,2016-01-05,18.4,-2.3,1032.7,10.0,6.2,12.0,22.0,36.0,10.9,0.0,999.9,0,640
6,2014,01,25,2014-01-25,21.8,6.6,999.1,5.3,6.2,8.0,15.0,28.0,15.8,0.0,5.9,0,475
1,2023,01,23,2023-01-23,37.8,34.8,1003.8,5.3,6.2,14.0,24.1,42.1,36.0,0.75,999.9,0,254
7,2016,01,24,2016-01-24,26.7,11.6,1012.1,7.4,6.3,17.1,26.0,35.1,19.9,1.82,5.9,1,517
3,2014,01,08,2014-01-08,12.9,-5.1,1031.1,10.0,6.3,11.1,20.0,21.0,9.0,0.0,999.9,0,616
1,2014,01,06,2014-01-06,45.6,39.8,1002.6,3.6,6.3,11.1,22.9,55.0,35.6,0.23,3.9,1,518
6,2022,01,15,2022-01-15,18.2,1.0,1021.2,10.0,6.3,9.9,20.0,43.0,10.0,0.0,999.9,0,236
4,2022,01,20,2022-01-20,38.8,26.0,1017.9,7.7,6.3,12.0,20.0,48.9,28.0,0.15,999.9,0,246
4,2017,01,12,2017-01-12,55.6,48.4,1018.8,8.9,6.3,8.9,21.0,66.0,42.1,0.31,999.9,0,646
6,2022,01,08,2022-01-08,25.2,7.0,1030.1,10.0,6.3,11.1,21.0,34.0,19.9,0.03,5.9,0,236
3,2017,01,18,2017-01-18,39.2,37.7,1013.7,6.2,6.3,9.9,15.0,41.0,37.4,0.41,999.9,0,549
7,2018,01,07,2018-01-07,9.7,-6.6,1032.6,10.0,6.3,12.0,19.0,18.0,5.0,0.0,5.9,0,475
7,2016,01,03,2016-01-03,38.4,20.0,1011.7,10.0,6.4,9.9,21.0,45.0,32.0,0.0,999.9,0,432
4,2024,01,18,2024-01-18,26.0,5.7,1020.1,9.5,6.4,13.0,20.0,33.1,17.1,0.0,1.2,0,226
3,2021,01,06,2021-01-06,37.4,26.5,1014.4,10.0,6.4,15.0,22.0,42.1,35.1,0.0,999.9,0,220
5,2017,01,13,2017-01-13,51.4,35.8,1025.7,10.0,6.4,11.1,22.0,64.9,36.0,0.05,999.9,0,604
3,2020,01,29,2020-01-29,36.5,17.4,1016.2,10.0,6.4,12.0,21.0,41.0,32.0,0.0,999.9,0,495
3,2015,01,14,2015-01-14,22.8,9.5,1031.1,10.0,6.4,11.1,15.0,36.0,16.0,0.0,999.9,0,506
2,2018,01,09,2018-01-09,35.6,22.3,1019.6,9.5,6.4,9.9,18.1,44.1,17.1,0.01,5.1,0,684
2,2023,01,24,2023-01-24,38.9,23.5,1018.2,10.0,6.4,13.0,24.1,46.0,35.1,0.17,999.9,0,235
5,2022,01,14,2022-01-14,39.4,29.6,1009.4,10.0,6.4,13.0,22.9,48.0,32.0,0.0,999.9,0,289
3,2017,01,25,2017-01-25,40.5,30.4,1002.3,9.8,6.4,12.0,21.0,48.0,35.1,0.68,999.9,0,576
2,2018,01,30,2018-01-30,33.1,25.6,1015.5,6.1,6.4,11.1,25.1,46.9,28.9,0.09,999.9,0,579
2,2024,01,16,2024-01-16,27.9,22.2,1014.6,3.6,6.5,17.1,31.1,32.0,23.0,0.13,999.9,0,276
2,2014,01,28,2014-01-28,17.8,-7.2,1023.8,10.0,6.5,12.0,22.0,26.1,12.9,0.0,3.1,0,504
5,2016,01,01,2016-01-01,40.4,24.3,1017.1,10.0,6.5,12.0,22.9,48.0,37.0,0.03,999.9,0,393
5,2013,01,04,2013-01-04,33.4,18.6,1017.0,10.0,6.5,13.0,24.1,37.0,30.0,0.0,999.9,0,505
6,2015,01,17,2015-01-17,22.2,1.8,1026.1,10.0,6.5,15.9,26.0,43.0,17.1,0.0,999.9,0,495
6,2013,01,05,2013-01-05,36.1,18.7,1020.6,10.0,6.6,12.0,21.0,42.1,32.0,0.0,999.9,0,389
5,2015,01,30,2015-01-30,34.2,23.0,1012.6,7.8,6.7,15.0,29.9,37.9,19.0,0.07,5.9,0,622
4,2013,01,24,2013-01-24,16.8,-1.7,1023.0,10.0,6.7,15.0,27.0,21.9,12.0,0.0,999.9,0,554
7,2022,01,16,2022-01-16,17.3,4.5,1027.3,9.7,6.7,14.0,20.0,32.0,10.0,0.0,999.9,0,266
1,2017,01,02,2017-01-02,39.3,28.9,1030.7,8.5,6.7,11.1,17.1,48.0,37.0,0.0,999.9,0,449
7,2021,01,03,2021-01-03,36.6,29.9,1018.0,8.4,6.7,12.0,22.0,51.1,34.0,0.05,999.9,0,186
7,2018,01,14,2018-01-14,19.2,0.6,1033.3,10.0,6.8,11.1,19.0,24.1,15.1,0.05,999.9,0,494
7,2024,01,28,2024-01-28,41.0,36.3,1011.0,6.4,6.9,21.0,40.0,48.9,37.9,0.41,999.9,0,251
7,2014,01,26,2014-01-26,21.4,5.3,1006.0,9.8,6.9,14.0,22.9,28.0,17.1,0.04,3.9,0,465
5,2022,01,07,2022-01-07,31.1,20.1,1011.9,6.1,6.9,11.1,22.9,41.0,27.0,0.35,999.9,1,296
5,2022,01,21,2022-01-21,19.3,0.3,1031.9,10.0,6.9,11.1,21.0,28.9,14.0,0.15,999.9,0,288
4,2017,01,05,2017-01-05,31.4,9.3,1011.0,10.0,7.0,11.1,26.0,44.1,27.0,0.0,999.9,0,552
1,2016,01,04,2016-01-04,30.8,12.5,1015.2,10.0,7.0,11.1,22.0,39.0,19.9,0.0,999.9,0,601
1,2018,01,29,2018-01-29,43.3,28.8,1022.1,10.0,7.0,18.1,24.1,55.0,39.9,0.07,999.9,0,531
4,2018,01,18,2018-01-18,24.7,9.2,1017.7,10.0,7.0,9.9,17.1,36.0,18.0,0.03,999.9,0,634
2,2018,01,02,2018-01-02,17.9,2.8,1028.1,10.0,7.0,13.0,20.0,26.1,7.0,0.0,999.9,0,654
5,2015,01,02,2015-01-02,38.7,16.1,1020.5,10.0,7.0,9.9,20.0,42.1,27.0,0.0,999.9,0,442
4,2018,01,25,2018-01-25,28.2,6.7,1025.7,10.0,7.1,11.1,21.0,44.1,23.0,0.0,999.9,0,602
6,2017,01,28,2017-01-28,36.6,20.9,1004.2,10.0,7.1,12.0,21.0,43.0,34.0,0.0,999.9,0,501
7,2014,01,12,2014-01-12,47.6,33.8,1005.0,9.7,7.2,12.0,25.1,57.9,37.0,0.42,999.9,0,388
2,2022,01,11,2022-01-11,19.6,0.1,1028.9,9.7,7.2,12.0,22.0,39.9,15.1,0.0,999.9,0,257
2,2020,01,28,2020-01-28,39.8,24.8,1008.5,10.0,7.2,9.9,21.0,45.0,37.0,0.0,999.9,0,404
3,2020,01,08,2020-01-08,36.0,23.7,1013.5,9.5,7.2,15.0,27.0,45.0,32.0,0.0,999.9,0,454
4,2021,01,28,2021-01-28,30.0,13.2,1018.1,10.0,7.2,17.1,32.1,37.0,25.0,0.0,999.9,0,262
4,2021,01,07,2021-01-07,35.3,20.6,1018.0,10.0,7.2,11.1,18.1,41.0,30.9,0.0,999.9,0,285
6,2021,01,16,2021-01-16,43.1,37.9,1001.4,8.2,7.2,19.0,26.0,46.9,37.9,1.16,999.9,0,265
5,2015,01,16,2015-01-16,33.4,14.9,1012.0,9.5,7.3,13.0,25.1,43.0,25.0,0.0,999.9,0,563
2,2015,01,13,2015-01-13,29.5,17.3,1030.6,9.8,7.3,14.0,19.0,39.0,19.0,0.35,999.9,0,613
1,2020,01,20,2020-01-20,26.5,5.6,1021.1,10.0,7.3,11.1,25.1,43.0,19.9,0.0,1.2,0,390
1,2023,01,16,2023-01-16,35.5,10.3,1013.1,10.0,7.3,13.0,21.0,48.0,28.0,0.0,999.9,0,217
1,2018,01,01,2018-01-01,11.7,-4.6,1027.4,10.0,7.3,11.1,19.0,21.0,7.0,0.0,999.9,0,453
3,2024,01,17,2024-01-17,22.0,6.1,1013.4,10.0,7.4,9.9,27.0,32.0,17.1,0.19,1.2,0,254
1,2018,01,15,2018-01-15,21.4,7.9,1037.0,9.7,7.4,9.9,18.1,30.0,15.1,0.0,999.9,0,523
6,2016,01,09,2016-01-09,43.3,35.7,1021.7,9.3,7.4,11.1,18.1,46.4,39.9,0.0,999.9,0,554
5,2015,01,09,2015-01-09,24.9,7.5,1019.3,8.7,7.4,14.0,21.0,33.1,16.0,0.0,999.9,0,751
5,2024,01,05,2024-01-05,31.2,12.7,1023.8,10.0,7.4,13.0,20.0,45.0,26.1,0.0,999.9,0,249
4,2020,01,16,2020-01-16,45.0,33.2,1014.6,7.8,7.4,15.9,34.0,50.0,37.9,0.11,999.9,0,547
7,2017,01,08,2017-01-08,20.1,7.2,1024.8,7.9,7.5,13.0,21.0,26.1,16.0,0.32,999.9,0,406
6,2015,01,10,2015-01-10,21.1,-0.3,1028.0,10.0,7.5,15.0,20.0,33.1,16.0,0.07,999.9,0,481
7,2020,01,19,2020-01-19,38.5,28.7,1007.8,8.9,7.5,12.0,22.9,42.1,35.1,0.37,999.9,0,360
1,2016,01,18,2016-01-18,27.1,11.4,1008.4,8.9,7.5,15.9,28.9,42.1,21.9,0.05,999.9,0,481
6,2021,01,30,2021-01-30,22.1,3.3,1024.4,10.0,7.6,14.0,19.0,32.0,14.0,0.0,999.9,0,284
7,2024,01,14,2024-01-14,36.3,15.5,1009.3,10.0,7.6,15.9,32.1,43.0,30.9,0.81,999.9,0,216
6,2023,01,14,2023-01-14,35.6,24.2,1008.5,9.3,7.7,12.0,22.0,39.9,32.0,0.09,999.9,0,248
3,2013,01,23,2013-01-23,14.4,-5.4,1022.5,10.0,7.7,11.1,24.1,19.9,10.9,0.0,999.9,0,545
7,2021,01,17,2021-01-17,39.3,24.6,1001.0,10.0,7.7,12.0,26.0,46.9,35.1,0.78,999.9,0,210
6,2018,01,20,2018-01-20,43.3,21.8,1012.5,10.0,7.7,12.0,22.9,52.0,24.1,0.0,999.9,0,530
7,2024,01,07,2024-01-07,36.2,32.6,1003.6,5.9,7.7,15.0,29.9,37.9,30.9,0.54,999.9,0,182
3,2015,01,28,2015-01-28,23.6,3.8,1014.8,10.0,7.7,12.0,21.0,34.0,16.0,0.36,7.9,0,458
1,2022,01,10,2022-01-10,32.7,17.6,1018.4,9.3,7.7,17.1,27.0,39.9,27.0,0.1,3.1,0,265
5,2017,01,27,2017-01-27,41.8,24.6,1002.1,10.0,7.8,12.0,27.0,44.1,39.9,0.02,999.9,0,583
6,2013,01,19,2013-01-19,37.3,18.1,1024.7,10.0,7.8,13.0,24.1,51.1,28.0,0.0,999.9,0,484
6,2018,01,13,2018-01-13,43.6,36.8,1010.6,7.5,7.8,13.0,26.0,61.0,24.1,0.59,999.9,0,603
7,2020,01,12,2020-01-12,63.1,48.6,1016.1,9.8,7.8,15.0,27.0,69.1,51.1,0.05,999.9,0,391
3,2020,01,01,2020-01-01,39.0,23.9,1006.0,10.0,7.9,12.0,21.0,45.0,36.0,0.02,999.9,0,346
7,2022,01,30,2022-01-30,17.1,-1.0,1013.3,10.0,7.9,15.0,24.1,28.9,12.0,0.32,5.9,0,224
7,2016,01,10,2016-01-10,50.4,45.9,1004.8,5.3,8.2,15.9,26.0,59.0,39.9,0.77,999.9,0,462
4,2023,01,26,2023-01-26,47.7,37.9,1002.3,7.9,8.2,15.0,25.1,57.0,35.1,1.34,999.9,1,256
6,2024,01,13,2024-01-13,50.7,41.2,995.9,8.1,8.3,13.0,25.1,60.1,39.9,0.89,999.9,0,254
2,2013,01,22,2013-01-22,22.4,4.0,1014.4,9.9,8.4,14.0,25.1,30.9,17.1,0.0,999.9,0,544
7,2023,01,15,2023-01-15,33.9,18.4,1014.7,10.0,8.4,14.0,26.0,41.0,30.0,0.0,999.9,0,193
3,2018,01,24,2018-01-24,41.3,24.4,1011.1,10.0,8.4,17.1,28.0,60.1,33.1,0.28,999.9,0,615
1,2022,01,03,2022-01-03,32.0,16.4,1018.0,10.0,8.5,14.0,26.0,39.9,26.1,0.04,999.9,0,208
3,2024,01,10,2024-01-10,51.5,40.1,991.2,7.8,8.6,15.0,28.9,57.0,36.0,1.95,999.9,1,230
6,2024,01,20,2024-01-20,22.4,7.0,1013.2,10.0,8.7,14.0,27.0,32.0,18.0,0.04,1.2,0,209
2,2015,01,27,2015-01-27,24.8,16.8,1005.1,4.3,8.8,17.1,27.0,30.0,21.0,0.78,2.0,1,188
4,2015,01,08,2015-01-08,13.0,-6.2,1027.1,10.0,8.8,18.1,31.1,23.0,8.1,0.0,1.2,0,573
2,2022,01,18,2022-01-18,33.5,15.9,1006.3,10.0,8.9,13.0,25.1,44.1,30.0,0.03,999.9,0,258
7,2024,01,21,2024-01-21,23.7,6.3,1023.8,10.0,9.0,12.0,29.9,30.9,18.0,0.0,1.2,0,232
4,2013,01,31,2013-01-31,49.1,36.5,995.4,7.9,9.1,20.0,38.1,61.0,34.0,0.93,999.9,1,592
4,2018,01,04,2018-01-04,25.7,14.6,1006.7,5.4,9.1,18.1,34.0,30.0,16.0,0.07,999.9,1,464
6,2021,01,23,2021-01-23,31.6,9.1,1015.3,10.0,9.2,15.0,28.9,45.0,28.0,0.0,999.9,0,251
7,2021,01,24,2021-01-24,26.1,4.3,1021.1,10.0,9.2,14.0,24.1,36.0,21.9,0.0,999.9,0,212
3,2016,01,13,2016-01-13,27.1,7.8,1011.6,10.0,9.4,18.1,29.9,44.1,21.9,0.0,999.9,0,605
1,2016,01,11,2016-01-11,35.2,13.1,1008.8,10.0,9.4,13.0,28.0,59.0,28.9,1.03,999.9,0,680
3,2015,01,07,2015-01-07,20.7,5.7,1015.9,9.7,9.5,15.9,29.9,23.0,15.1,0.05,999.9,0,538
1,2022,01,17,2022-01-17,37.5,32.6,989.4,6.1,9.6,19.0,31.1,44.1,30.2,1.5,999.9,0,203
6,2022,01,29,2022-01-29,21.9,16.1,1005.6,2.1,9.7,15.0,28.0,32.0,15.1,0.58,999.9,1,276
7,2013,01,20,2013-01-20,45.3,23.4,1009.8,10.0,9.7,15.9,31.1,53.1,39.9,0.0,999.9,0,393
1,2015,01,05,2015-01-05,40.9,19.1,1015.5,9.7,9.7,15.9,40.0,55.9,28.9,0.12,999.9,0,498
6,2018,01,06,2018-01-06,10.2,-9.4,1021.0,10.0,9.7,14.0,26.0,19.0,8.1,0.0,7.1,0,599
1,2015,01,26,2015-01-26,26.5,12.7,1014.6,5.6,9.8,17.1,28.9,35.1,21.2,0.0,2.0,1,484
4,2014,01,02,2014-01-02,28.5,19.6,1018.8,9.2,9.8,15.0,21.0,33.1,24.1,0.02,999.9,0,603
5,2014,01,03,2014-01-03,15.6,6.7,1014.9,3.8,10.1,15.0,25.1,24.8,10.0,0.58,999.9,1,423
2,2016,01,19,2016-01-19,21.1,1.5,1015.7,10.0,10.4,17.1,28.0,30.9,16.0,0.0,999.9,0,662
7,2020,01,05,2020-01-05,40.2,24.7,1007.9,10.0,10.5,18.1,34.0,51.1,37.0,0.02,999.9,0,291
5,2020,01,17,2020-01-17,28.4,5.3,1031.0,9.7,10.5,18.1,33.0,48.9,21.0,0.0,999.9,0,566
2,2017,01,24,2017-01-24,36.2,35.1,995.8,4.3,10.6,20.0,32.1,44.1,35.1,1.66,999.9,0,564
2,2017,01,03,2017-01-03,40.1,39.3,1018.4,3.8,11.2,15.9,26.0,43.0,37.0,0.3,999.9,0,659
5,2018,01,05,2018-01-05,14.9,-2.5,1006.2,10.0,11.2,17.1,29.9,28.9,9.0,0.69,1.2,0,700
6,2015,01,31,2015-01-31,19.6,-0.2,1018.5,10.0,11.8,17.1,34.0,37.9,12.9,0.01,7.1,0,526
5,2021,01,29,2021-01-29,20.4,0.0,1019.3,10.0,12.5,22.9,34.0,34.0,14.0,0.0,999.9,0,291
6,2016,01,23,2016-01-23,26.2,19.2,1011.1,1.7,12.8,20.0,36.9,30.0,21.0,0.5,999.9,1,402
2,2014,01,07,2014-01-07,12.3,-8.0,1015.6,999.9,13.0,19.0,31.1,36.0,3.9,0.27,1.2,0,491
1,2017,01,23,2017-01-23,41.2,35.4,1008.3,9.2,15.5,24.1,38.1,46.9,35.6,0.05,999.9,0,667
6,2019,01,12,2019-01-12,25.6,4.9,1031.9,10.0,999.9,999.9,999.9,34.0,19.9,0.0,999.9,0,520
2,2019,01,01,2019-01-01,50.5,43.2,1009.8,7.0,999.9,999.9,999.9,57.9,36.0,1.08,999.9,0,430
1,2019,01,14,2019-01-14,26.7,11.2,1024.2,10.0,999.9,999.9,999.9,33.1,21.9,0.0,999.9,0,703
7,2019,01,27,2019-01-27,39.6,22.2,1018.6,10.0,999.9,999.9,999.9,48.9,24.1,0.0,999.9,0,445
2,2019,01,15,2019-01-15,29.3,12.0,1020.2,10.0,999.9,999.9,999.9,36.0,21.9,0.0,999.9,0,618
3,2019,01,23,2019-01-23,35.5,15.8,1027.7,10.0,999.9,999.9,999.9,46.0,28.9,0.0,999.9,0,553
3,2014,01,22,2014-01-22,12.3,0.0,9999.9,999.9,999.9,999.9,999.9,17.6,6.8,0.46,999.9,0,498
6,2014,01,18,2014-01-18,37.6,26.9,9999.9,999.9,999.9,999.9,999.9,41.0,32.0,0.0,999.9,0,448
1,2014,01,20,2014-01-20,39.0,21.1,9999.9,999.9,999.9,999.9,999.9,44.6,35.6,0.0,999.9,0,360
5,2014,01,24,2014-01-24,14.7,-3.6,9999.9,999.9,999.9,999.9,999.9,19.4,10.4,0.0,7.1,0,705
5,2019,01,25,2019-01-25,36.0,17.7,1011.8,10.0,999.9,999.9,999.9,39.9,34.0,1.24,999.9,0,666
4,2019,01,17,2019-01-17,30.1,10.0,1026.1,10.0,999.9,999.9,999.9,39.0,24.1,0.0,999.9,0,586
2,2019,01,08,2019-01-08,38.9,31.3,1018.8,6.8,999.9,999.9,999.9,45.0,25.0,0.07,999.9,0,571
7,2020,01,26,2020-01-26,42.6,32.8,1008.5,10.0,999.9,999.9,999.9,51.1,37.9,0.85,999.9,0,398
6,2019,01,26,2019-01-26,29.1,3.5,1023.1,10.0,999.9,999.9,999.9,39.9,24.1,0.0,999.9,0,533
5,2014,01,17,2014-01-17,37.8,23.5,9999.9,999.9,999.9,999.9,999.9,44.6,32.7,0.0,999.9,0,589
1,2019,01,21,2019-01-21,10.7,-5.3,1014.0,10.0,999.9,999.9,999.9,16.0,3.9,0.17,999.9,0,412
3,2019,01,16,2019-01-16,34.0,19.6,1018.1,9.3,999.9,999.9,999.9,39.0,25.0,0.0,999.9,0,579
6,2019,01,05,2019-01-05,44.2,41.0,1003.3,5.3,999.9,999.9,999.9,46.9,35.1,0.22,999.9,0,455
5,2019,01,18,2019-01-18,33.4,26.3,1020.9,6.2,999.9,999.9,999.9,39.0,24.1,0.05,999.9,0,596
1,2019,01,28,2019-01-28,31.4,11.7,1017.4,10.0,999.9,999.9,999.9,45.0,24.8,0.0,999.9,0,565
4,2019,01,10,2019-01-10,33.0,16.1,1005.4,10.0,999.9,999.9,999.9,45.0,30.0,0.06,999.9,0,580
3,2020,01,22,2020-01-22,30.0,12.7,1030.7,10.0,999.9,999.9,999.9,37.9,19.9,0.0,999.9,0,489
3,2019,01,30,2019-01-30,28.6,15.7,1012.2,8.9,999.9,999.9,999.9,43.0,10.9,0.23,999.9,1,630
5,2020,01,24,2020-01-24,43.6,22.9,1027.4,9.4,999.9,999.9,999.9,51.1,33.1,0.0,999.9,0,524
3,2019,01,09,2019-01-09,42.7,30.1,1001.6,8.8,999.9,999.9,999.9,45.0,34.0,0.16,999.9,0,514
2,2019,01,29,2019-01-29,32.7,21.7,1015.4,9.3,999.9,999.9,999.9,43.0,25.0,0.0,999.9,0,681
6,2020,01,25,2020-01-25,42.5,36.7,1019.6,6.7,999.9,999.9,999.9,51.8,37.9,0.0,999.9,1,383
4,2019,01,03,2019-01-03,41.1,29.4,1015.8,9.9,999.9,999.9,999.9,44.1,35.1,0.0,999.9,0,504
7,2019,01,13,2019-01-13,29.4,9.9,1030.0,9.7,999.9,999.9,999.9,34.0,19.9,0.0,999.9,0,374
2,2019,01,22,2019-01-22,18.9,-0.6,1033.7,10.0,999.9,999.9,999.9,30.0,3.9,0.0,999.9,0,627
4,2019,01,24,2019-01-24,52.3,47.5,1011.1,6.2,999.9,999.9,999.9,59.0,30.9,0.09,999.9,1,592
7,2019,01,20,2019-01-20,34.0,29.5,1001.4,5.8,999.9,999.9,999.9,42.1,19.0,1.0,999.9,0,411
5,2019,01,11,2019-01-11,26.7,6.8,1020.4,10.0,999.9,999.9,999.9,34.0,21.0,0.0,999.9,0,644
1,2019,01,07,2019-01-07,29.5,7.7,1029.0,10.0,999.9,999.9,999.9,48.9,25.0,0.0,999.9,0,584
6,2019,01,19,2019-01-19,35.1,23.4,1022.0,9.8,999.9,999.9,999.9,39.0,28.9,0.0,1.2,0,479
4,2014,01,16,2014-01-16,39.4,32.7,9999.9,999.9,999.9,999.9,999.9,41.0,36.1,0.0,999.9,0,521
5,2019,01,04,2019-01-04,39.7,26.4,1014.8,9.9,999.9,999.9,999.9,46.0,35.1,0.0,999.9,0,598
4,2014,01,23,2014-01-23,13.1,-2.3,9999.9,999.9,999.9,999.9,999.9,19.4,8.6,0.02,11.0,0,612
4,2020,01,23,2020-01-23,38.7,16.8,1029.0,10.0,999.9,999.9,999.9,46.9,25.0,0.0,999.9,0,451
7,2014,01,19,2014-01-19,29.1,16.0,9999.9,999.9,999.9,999.9,999.9,35.6,24.8,0.07,999.9,0,380
3,2019,01,02,2019-01-02,38.0,23.2,1024.2,10.0,999.9,999.9,999.9,57.9,35.1,0.06,999.9,0,502
1,2020,01,27,2020-01-27,40.4,27.3,1006.2,10.0,999.9,999.9,999.9,46.0,37.0,0.0,999.9,0,452
7,2019,01,06,2019-01-06,43.5,30.0,1010.6,10.0,999.9,999.9,999.9,48.9,37.9,0.28,999.9,0,376
2,2014,01,21,2014-01-21,25.2,13.3,9999.9,999.9,999.9,999.9,999.9,39.2,14.0,0.0,999.9,0,1161
4,2019,01,31,2019-01-31,8.4,-13.0,1026.4,10.0,999.9,999.9,999.9,15.1,1.9,0.01,999.9,0,601
7,2015,02,22,2015-02-22,34.3,28.2,1021.2,4.5,2.1,7.0,17.1,43.0,28.9,0.71,9.1,1,519
6,2020,02,01,2020-02-01,40.6,35.3,1015.0,6.8,2.1,6.0,999.9,44.1,33.1,0.02,999.9,0,409
2,2014,02,04,2014-02-04,28.3,20.9,1028.4,3.8,2.1,6.0,999.9,42.8,21.9,0.84,1.2,0,613
4,2017,02,23,2017-02-23,53.0,44.9,1011.4,8.5,2.2,8.0,999.9,64.9,42.1,0.0,999.9,0,581
6,2014,02,01,2014-02-01,39.1,17.2,1024.3,9.9,2.4,6.0,999.9,44.1,25.0,0.0,1.2,0,507
4,2024,02,08,2024-02-08,44.3,23.1,1025.5,10.0,2.5,5.1,999.9,53.1,33.1,0.0,999.9,0,244
6,2018,02,10,2018-02-10,43.0,37.6,1026.2,7.3,2.5,7.0,15.9,50.0,26.1,0.0,999.9,1,549
2,2020,02,04,2020-02-04,50.1,39.1,1009.3,9.8,2.5,7.0,999.9,60.1,37.0,0.0,999.9,0,464
7,2013,02,03,2013-02-03,26.5,18.0,1013.2,7.6,2.6,7.0,999.9,30.0,24.1,0.03,999.9,0,445
7,2023,02,12,2023-02-12,42.4,20.0,1020.3,10.0,2.6,8.9,999.9,48.0,36.0,0.0,999.9,0,209
2,2020,02,25,2020-02-25,49.2,39.9,1012.2,8.2,2.7,7.0,999.9,62.1,41.0,0.0,999.9,0,527
7,2018,02,11,2018-02-11,48.3,47.3,1014.0,3.5,2.7,8.0,999.9,62.1,39.0,0.88,999.9,0,479
2,2020,02,11,2020-02-11,44.9,42.9,1013.4,4.8,2.7,8.9,15.0,48.0,42.1,0.37,999.9,0,458
5,2024,02,23,2024-02-23,43.8,38.3,1001.0,7.3,2.9,6.0,999.9,46.9,35.1,0.08,999.9,0,218
3,2015,02,18,2015-02-18,24.9,10.3,1011.2,9.6,2.9,7.0,999.9,33.1,14.0,0.03,11.8,0,626
3,2023,02,15,2023-02-15,54.4,30.9,1018.0,10.0,2.9,7.0,18.1,66.9,39.9,0.0,999.9,0,264
4,2023,02,09,2023-02-09,47.5,30.9,1023.1,9.7,3.0,9.9,18.1,53.1,39.0,0.0,999.9,0,238
4,2022,02,03,2022-02-03,44.4,42.1,1024.8,4.5,3.0,8.9,999.9,48.0,32.0,0.01,3.9,1,248
6,2024,02,10,2024-02-10,52.0,39.2,1011.6,9.8,3.0,8.0,999.9,60.1,43.0,0.0,999.9,0,195
3,2013,02,13,2013-02-13,38.2,22.5,1011.2,9.9,3.0,7.0,15.0,44.1,33.1,0.0,3.9,0,570
7,2014,02,02,2014-02-02,45.1,34.2,1015.0,7.8,3.1,7.0,999.9,55.9,36.0,0.0,1.2,0,417
2,2017,02,28,2017-02-28,51.1,37.4,1026.5,9.8,3.2,8.9,999.9,59.0,35.1,0.0,999.9,0,591
1,2013,02,11,2013-02-11,38.5,32.4,1019.6,5.6,3.2,7.0,999.9,45.0,32.0,0.09,9.8,1,475
1,2022,02,07,2022-02-07,32.7,28.2,1030.7,5.9,3.3,8.9,999.9,37.4,28.4,0.0,999.9,0,276
2,2024,02,27,2024-02-27,47.3,38.7,1015.9,8.0,3.3,7.0,999.9,55.0,35.1,0.01,999.9,1,274
1,2021,02,22,2021-02-22,34.3,22.2,1026.2,7.7,3.3,7.0,18.1,39.0,24.1,0.0,5.1,1,245
4,2023,02,02,2023-02-02,33.3,9.1,1021.8,10.0,3.3,8.0,14.0,39.9,26.1,0.02,999.9,0,263
4,2020,02,13,2020-02-13,40.1,35.9,1010.6,5.2,3.3,8.0,999.9,46.0,37.0,0.36,999.9,0,504
1,2024,02,12,2024-02-12,42.5,28.0,1012.4,10.0,3.4,8.0,999.9,55.9,37.0,0.0,999.9,0,248
1,2020,02,17,2020-02-17,43.8,22.7,1022.2,10.0,3.4,6.0,999.9,51.1,30.0,0.0,999.9,0,339
2,2016,02,02,2016-02-02,44.5,24.1,1023.0,10.0,3.4,7.0,999.9,59.0,37.9,0.01,2.0,0,711
2,2018,02,06,2018-02-06,31.0,13.5,1026.8,10.0,3.4,8.9,999.9,39.9,26.1,0.0,999.9,0,545
7,2013,02,10,2013-02-10,25.2,8.5,1028.7,10.0,3.4,8.9,15.9,36.0,18.0,0.38,999.9,0,400
1,2020,02,24,2020-02-24,50.0,21.2,1017.2,9.9,3.5,8.0,999.9,62.1,39.0,0.0,999.9,0,493
5,2021,02,26,2021-02-26,40.1,15.2,1028.3,10.0,3.5,6.0,999.9,50.0,33.1,0.0,999.9,0,301
1,2018,02,26,2018-02-26,45.7,34.8,1018.9,8.4,3.5,7.0,999.9,52.0,39.9,0.23,999.9,0,557
7,2015,02,01,2015-02-01,27.6,11.4,1021.9,9.9,3.5,8.9,15.9,36.0,19.9,0.0,7.1,0,361
7,2023,02,19,2023-02-19,42.0,23.6,1025.7,10.0,3.5,9.9,18.1,50.0,27.0,0.0,999.9,0,241
5,2021,02,05,2021-02-05,41.1,27.7,1007.4,9.6,3.5,9.9,20.0,46.9,30.9,0.0,11.0,0,326
3,2022,02,02,2022-02-02,37.7,30.6,1031.3,8.8,3.5,6.0,999.9,46.9,23.0,0.0,5.9,0,268
3,2017,02,22,2017-02-22,47.2,35.4,1017.0,9.8,3.5,7.0,19.0,57.0,34.0,0.0,999.9,0,477
6,2015,02,07,2015-02-07,29.8,12.6,1019.7,9.0,3.5,8.9,15.0,37.9,12.0,0.0,7.9,0,449
2,2018,02,27,2018-02-27,46.5,21.0,1026.3,10.0,3.6,7.0,999.9,55.9,39.0,0.0,999.9,0,631
6,2015,02,28,2015-02-28,21.5,-1.9,1039.7,10.0,3.6,8.9,15.0,30.0,12.9,0.0,11.0,0,538
3,2013,02,06,2013-02-06,33.3,23.1,1017.5,6.5,3.6,7.0,20.0,39.0,30.0,0.01,999.9,0,566
4,2024,02,22,2024-02-22,38.5,27.2,1017.6,9.9,3.6,11.1,15.9,45.0,30.0,0.0,999.9,0,236
4,2024,02,01,2024-02-01,40.9,31.1,1016.2,9.2,3.6,8.0,15.0,45.0,34.0,0.0,999.9,0,220
1,2016,02,15,2016-02-15,19.1,2.0,1033.3,8.1,3.7,8.9,999.9,30.2,14.0,0.0,999.9,1,291
7,2014,02,09,2014-02-09,25.5,8.3,1020.2,9.3,3.8,8.0,999.9,30.9,21.0,0.0,9.1,0,450
1,2018,02,19,2018-02-19,42.5,31.4,1031.8,9.8,3.8,7.0,14.0,48.9,33.1,0.01,3.1,0,435
3,2018,02,14,2018-02-14,41.1,29.8,1028.1,10.0,3.8,8.9,15.9,53.1,26.1,0.01,999.9,0,671
7,2020,02,23,2020-02-23,46.5,9.4,1021.6,10.0,3.8,7.0,15.9,55.9,39.0,0.0,999.9,0,392
3,2016,02,10,2016-02-10,34.8,24.2,1003.1,7.5,3.8,8.9,20.0,39.0,27.0,0.01,999.9,0,537
4,2013,02,14,2013-02-14,38.2,26.7,1011.6,8.9,3.8,8.9,999.9,46.0,33.1,0.03,999.9,0,631
3,2022,02,09,2022-02-09,35.8,19.9,1017.3,10.0,3.8,8.9,999.9,46.0,28.9,0.07,999.9,0,272
7,2018,02,04,2018-02-04,35.2,20.6,1023.9,8.9,3.9,8.0,24.1,45.0,16.0,0.0,999.9,0,541
7,2024,02,11,2024-02-11,49.7,34.8,1012.0,10.0,3.9,8.9,14.0,60.1,45.0,0.0,999.9,0,188
4,2013,02,28,2013-02-28,45.2,32.9,1002.1,9.8,3.9,8.0,15.0,51.1,43.0,0.44,999.9,0,517
3,2021,02,10,2021-02-10,29.4,16.3,1025.2,9.5,3.9,7.0,999.9,35.1,26.1,0.0,9.1,0,279
2,2015,02,17,2015-02-17,20.2,5.0,1014.4,6.7,3.9,8.9,999.9,27.0,3.0,0.11,9.1,0,620
3,2017,02,08,2017-02-08,45.9,39.9,1003.4,4.8,3.9,8.0,999.9,62.1,36.0,0.24,999.9,1,673
2,2023,02,21,2023-02-21,44.3,33.7,1003.6,7.7,3.9,9.9,999.9,61.0,37.0,0.2,999.9,0,226
3,2014,02,19,2014-02-19,38.4,28.2,1014.5,6.8,3.9,8.9,17.1,45.0,26.1,0.09,18.1,0,552
7,2024,02,25,2024-02-25,30.7,6.8,1018.6,10.0,3.9,7.0,999.9,44.1,23.0,0.0,999.9,0,237
1,2023,02,27,2023-02-27,39.5,19.8,1012.9,10.0,4.0,8.9,19.0,50.0,30.0,0.0,999.9,0,246
5,2024,02,02,2024-02-02,43.1,35.5,1011.7,7.9,4.0,9.9,18.1,46.0,37.0,0.19,999.9,0,255
3,2024,02,21,2024-02-21,35.1,20.3,1031.0,10.0,4.0,8.0,15.0,43.0,26.1,0.0,999.9,0,212
7,2020,02,02,2020-02-02,39.3,30.9,1002.2,8.4,4.0,11.1,22.9,45.0,35.1,0.01,999.9,0,391
2,2023,02,07,2023-02-07,35.9,21.5,1025.2,10.0,4.0,7.0,999.9,52.0,30.0,0.0,999.9,0,258
3,2015,02,04,2015-02-04,31.2,17.3,1023.0,9.1,4.0,8.0,14.0,42.1,12.9,0.0,7.9,0,585
4,2023,02,16,2023-02-16,61.4,41.0,1014.6,9.6,4.0,9.9,21.0,70.0,46.9,0.0,999.9,0,262
7,2016,02,07,2016-02-07,39.1,20.8,1021.5,10.0,4.0,8.9,17.1,46.9,30.0,0.0,999.9,0,423
5,2024,02,09,2024-02-09,46.7,33.9,1020.4,10.0,4.0,7.0,999.9,55.0,37.0,0.0,999.9,0,290
7,2021,02,28,2021-02-28,43.7,34.4,1023.6,9.1,4.1,8.9,15.9,50.0,37.9,0.33,999.9,0,212
4,2022,02,10,2022-02-10,44.7,29.1,1011.6,9.9,4.1,9.9,17.1,54.0,28.9,0.0,999.9,0,302
3,2017,02,01,2017-02-01,39.6,26.6,1012.1,9.2,4.1,8.9,20.0,46.9,26.1,0.06,999.9,0,574
7,2014,02,23,2014-02-23,48.6,26.0,1014.8,10.0,4.1,6.0,17.1,54.0,39.9,0.0,9.8,0,414
4,2018,02,15,2018-02-15,51.0,44.3,1013.3,7.1,4.1,8.9,999.9,60.1,35.1,0.11,999.9,0,645
1,2023,02,06,2023-02-06,45.3,27.0,1015.5,10.0,4.1,13.0,22.0,52.0,27.0,0.0,999.9,0,255
7,2021,02,14,2021-02-14,31.2,21.4,1023.0,9.8,4.1,8.9,15.0,37.9,25.0,0.0,7.9,0,184
2,2014,02,18,2014-02-18,32.0,18.5,1020.7,7.1,4.2,8.9,18.1,39.0,26.1,0.07,16.9,1,518
7,2023,02,05,2023-02-05,35.1,15.8,1024.1,10.0,4.2,9.9,21.0,48.9,25.0,0.0,999.9,0,207
1,2024,02,26,2024-02-26,41.7,26.1,1017.3,10.0,4.2,8.9,18.1,55.0,23.0,0.0,999.9,0,238
6,2020,02,15,2020-02-15,21.6,2.5,1035.1,10.0,4.2,8.0,19.0,39.9,14.0,0.0,999.9,0,440
5,2022,02,11,2022-02-11,47.5,23.3,1014.3,10.0,4.2,8.9,22.0,57.0,37.0,0.0,999.9,0,319
6,2017,02,18,2017-02-18,45.7,21.7,1009.3,10.0,4.2,8.0,17.1,63.0,26.1,0.0,999.9,0,570
5,2020,02,21,2020-02-21,27.7,3.4,1031.0,10.0,4.3,7.0,18.1,35.1,19.9,0.0,999.9,0,504
3,2024,02,07,2024-02-07,39.0,20.0,1024.9,10.0,4.3,7.0,999.9,48.0,28.9,0.0,999.9,0,248
2,2021,02,09,2021-02-09,29.8,20.2,1025.8,8.4,4.3,7.0,999.9,33.8,26.1,0.0,9.8,0,229
2,2022,02,22,2022-02-22,45.1,39.5,1025.5,6.4,4.3,9.9,19.0,55.0,32.0,0.0,999.9,0,244
6,2023,02,25,2023-02-25,27.1,10.8,1031.1,9.7,4.3,13.0,21.0,45.0,23.0,0.0,999.9,0,239
4,2018,02,01,2018-02-01,37.5,21.2,1015.2,9.9,4.3,12.0,22.9,45.0,18.0,0.0,999.9,0,594
7,2016,02,21,2016-02-21,52.8,31.8,1011.7,10.0,4.3,8.9,20.0,61.0,39.0,0.0,999.9,0,481
2,2022,02,01,2022-02-01,28.6,14.0,1032.9,10.0,4.4,8.0,999.9,36.0,21.0,0.0,5.9,0,274
7,2023,02,26,2023-02-26,35.3,23.5,1014.9,8.8,4.4,9.9,18.1,50.0,23.0,0.0,999.9,0,232
6,2017,02,11,2017-02-11,37.3,21.5,1015.6,9.6,4.4,13.0,21.0,48.0,19.0,0.0,7.9,0,511
6,2014,02,08,2014-02-08,25.9,5.0,1025.2,10.0,4.4,8.9,15.0,32.0,21.0,0.0,9.1,0,424
2,2021,02,23,2021-02-23,38.8,29.5,1005.3,8.6,4.5,8.0,15.0,45.0,32.0,0.52,3.1,0,240
1,2016,02,22,2016-02-22,45.3,26.8,1017.9,10.0,4.5,8.9,15.9,55.0,37.9,0.03,999.9,0,615
6,2018,02,24,2018-02-24,46.1,40.5,1021.7,8.5,4.5,12.0,19.0,55.0,39.9,0.06,999.9,0,540
2,2022,02,15,2022-02-15,21.9,0.3,1034.1,10.0,4.5,8.0,999.9,30.0,16.0,0.0,1.2,0,289
6,2021,02,27,2021-02-27,43.0,36.0,1025.3,6.8,4.5,8.0,17.1,50.0,33.1,0.06,999.9,0,223
7,2021,02,07,2021-02-07,35.9,21.1,1016.3,6.2,4.5,8.0,999.9,44.1,30.9,0.0,7.1,1,243
3,2022,02,16,2022-02-16,34.9,18.9,1038.1,10.0,4.5,8.0,17.1,43.0,16.0,0.0,999.9,0,278
5,2018,02,09,2018-02-09,29.9,14.7,1032.5,10.0,4.5,8.9,18.1,35.1,25.0,0.0,999.9,0,583
2,2018,02,20,2018-02-20,54.4,50.1,1026.2,5.7,4.5,9.9,18.1,66.9,36.0,0.04,999.9,0,535
5,2021,02,12,2021-02-12,25.8,4.7,1026.6,10.0,4.6,9.9,15.9,30.0,19.9,0.1,9.1,0,290
3,2017,02,15,2017-02-15,40.3,29.5,1000.1,9.4,4.6,15.9,25.1,46.9,28.0,0.0,2.0,0,603
6,2015,02,14,2015-02-14,23.4,4.9,1014.0,8.5,4.6,8.9,20.0,32.0,8.1,0.0,7.9,0,436
3,2020,02,05,2020-02-05,45.2,33.0,1014.0,9.8,4.6,11.1,17.1,61.0,39.9,0.0,999.9,0,432
4,2015,02,12,2015-02-12,32.3,19.4,1009.9,8.9,4.6,8.9,21.0,39.9,21.9,0.0,7.9,0,526
6,2015,02,21,2015-02-21,20.5,3.2,1031.1,7.7,4.6,8.0,17.1,28.9,1.9,0.0,9.1,0,517
5,2015,02,27,2015-02-27,23.2,5.0,1025.7,10.0,4.6,8.9,999.9,32.0,18.0,0.0,11.0,0,703
7,2022,02,06,2022-02-06,22.3,7.2,1035.4,10.0,4.7,11.1,19.0,30.0,17.1,0.0,999.9,0,270
2,2016,02,09,2016-02-09,30.4,21.8,1004.4,9.4,4.7,8.9,999.9,39.0,27.0,0.05,999.9,0,571
4,2017,02,02,2017-02-02,39.5,22.2,1017.4,10.0,4.7,11.1,21.0,46.9,33.1,0.0,999.9,0,586
2,2013,02,05,2013-02-05,29.1,20.3,1013.8,6.5,4.7,8.9,15.0,30.0,28.0,0.01,999.9,0,566
7,2018,02,18,2018-02-18,37.2,27.4,1023.6,7.1,4.7,9.9,18.1,44.1,28.0,0.53,999.9,1,472
3,2016,02,03,2016-02-03,48.8,40.3,1022.7,7.7,4.7,9.9,22.0,57.0,37.9,0.0,999.9,0,579
1,2024,02,19,2024-02-19,37.0,12.5,1017.7,10.0,4.7,8.9,20.0,41.0,26.1,0.0,999.9,0,174
3,2018,02,28,2018-02-28,49.7,28.3,1018.8,10.0,4.7,8.9,22.9,61.0,39.0,0.0,999.9,0,654
4,2014,02,20,2014-02-20,42.8,26.6,1019.7,9.5,4.7,8.9,18.1,50.0,37.9,0.26,16.9,0,556
7,2020,02,09,2020-02-09,36.3,25.8,1030.5,10.0,4.8,8.9,999.9,44.1,30.0,0.0,999.9,0,373
5,2023,02,17,2023-02-17,54.4,48.0,1005.7,8.5,4.9,13.0,26.0,70.0,39.0,0.07,999.9,1,276
4,2014,02,06,2014-02-06,27.3,18.7,1020.4,9.5,4.9,8.0,14.0,33.1,21.2,1.43,9.1,0,569
1,2022,02,21,2022-02-21,39.2,21.2,1026.8,10.0,4.9,8.9,22.9,55.0,21.0,0.0,999.9,0,194
3,2018,02,21,2018-02-21,65.9,56.8,1024.9,9.5,4.9,11.1,19.0,78.1,46.9,0.0,999.9,0,601
1,2021,02,15,2021-02-15,33.2,23.8,1022.9,8.9,4.9,8.0,999.9,37.9,27.0,0.0,7.9,0,208
5,2013,02,15,2013-02-15,43.0,30.7,1015.0,7.8,4.9,9.9,15.9,55.0,37.0,0.0,999.9,0,604
1,2013,02,25,2013-02-25,37.5,22.7,1018.1,10.0,5.0,9.9,22.9,45.0,32.0,0.01,999.9,0,490
4,2016,02,04,2016-02-04,54.7,44.9,1014.2,9.1,5.0,13.0,22.0,59.0,42.1,0.73,999.9,0,609
2,2018,02,13,2018-02-13,32.1,12.5,1040.6,10.0,5.0,8.9,15.9,39.0,26.1,0.0,999.9,0,613
1,2016,02,01,2016-02-01,52.1,35.4,1009.2,9.8,5.0,7.0,18.1,59.0,36.0,0.0,3.9,0,716
2,2024,02,20,2024-02-20,32.5,7.6,1030.3,10.0,5.0,8.0,15.9,41.0,26.1,0.0,999.9,0,231
6,2024,02,24,2024-02-24,41.9,23.9,1002.5,10.0,5.0,11.1,20.0,46.9,37.0,0.04,999.9,0,211
3,2014,02,26,2014-02-26,27.4,9.3,1012.7,8.9,5.0,14.0,22.0,33.1,24.1,0.0,5.9,0,511
3,2014,02,12,2014-02-12,18.9,2.7,1032.4,10.0,5.0,8.9,14.0,26.1,12.9,0.0,9.8,0,640
5,2018,02,16,2018-02-16,55.3,49.2,1004.6,8.4,5.0,8.9,24.1,62.1,43.0,0.17,999.9,0,582
6,2016,02,06,2016-02-06,34.6,16.7,1027.5,10.0,5.0,9.9,19.0,44.1,30.0,0.15,1.2,0,553
7,2024,02,04,2024-02-04,37.5,18.8,1015.9,10.0,5.0,9.9,18.1,46.0,30.9,0.0,999.9,0,242
2,2013,02,26,2013-02-26,39.9,28.7,1023.4,9.4,5.0,9.9,15.9,44.1,35.1,0.0,999.9,0,537
4,2013,02,07,2013-02-07,29.3,6.2,1029.8,10.0,5.0,8.9,17.1,35.1,26.1,0.0,999.9,0,526
4,2021,02,11,2021-02-11,29.5,18.5,1024.5,7.3,5.0,8.9,999.9,34.0,26.1,0.11,9.1,0,299
5,2017,02,24,2017-02-24,62.7,51.6,1012.3,9.9,5.1,9.9,18.1,70.0,44.1,0.0,999.9,0,657
3,2020,02,26,2020-02-26,46.3,44.0,1012.3,5.0,5.1,9.9,999.9,53.1,45.0,0.14,999.9,0,449
6,2016,02,27,2016-02-27,31.9,9.8,1018.3,10.0,5.2,11.1,19.0,41.0,26.1,0.0,999.9,0,388
6,2018,02,17,2018-02-17,34.5,18.7,1024.9,9.3,5.2,11.1,22.0,42.1,28.0,0.04,999.9,1,604
1,2020,02,10,2020-02-10,43.5,34.7,1023.4,8.6,5.2,11.1,15.9,46.9,30.9,0.02,999.9,0,572
1,2023,02,20,2023-02-20,51.0,38.5,1008.7,9.8,5.2,11.1,17.1,61.0,37.0,0.0,999.9,0,186
5,2017,02,03,2017-02-03,30.6,11.0,1021.8,10.0,5.2,9.9,15.0,45.0,26.1,0.0,999.9,0,609
5,2016,02,19,2016-02-19,30.1,8.3,1032.9,10.0,5.2,9.9,17.1,37.0,24.1,0.0,999.9,0,532
3,2023,02,22,2023-02-22,40.7,26.5,1016.7,9.3,5.2,11.1,15.0,50.0,37.0,0.07,999.9,0,214
1,2020,02,03,2020-02-03,45.1,33.3,1006.8,9.1,5.2,8.9,15.9,57.0,35.1,0.06,999.9,0,559
2,2014,02,11,2014-02-11,21.7,4.1,1026.7,10.0,5.2,8.9,15.9,28.9,16.0,0.0,9.8,0,636
4,2020,02,20,2020-02-20,32.6,10.9,1029.7,10.0,5.2,8.0,18.1,48.0,28.9,0.0,999.9,0,448
3,2023,02,08,2023-02-08,44.8,29.1,1021.3,8.9,5.3,9.9,24.1,53.1,30.0,0.02,999.9,0,237
2,2017,02,07,2017-02-07,39.3,34.9,1013.6,5.5,5.3,11.1,18.1,48.9,36.0,0.06,999.9,0,626
7,2020,02,16,2020-02-16,34.6,20.7,1023.2,10.0,5.3,11.1,19.0,44.1,14.0,0.0,999.9,0,387
1,2014,02,03,2014-02-03,35.5,30.4,1019.7,3.7,5.3,8.9,14.0,55.9,30.0,0.33,1.2,1,960
3,2024,02,28,2024-02-28,53.9,49.9,1005.9,5.7,5.4,8.0,15.9,59.0,39.9,0.53,999.9,0,204
2,2022,02,08,2022-02-08,37.6,30.1,1013.4,8.1,5.4,12.0,22.0,45.0,30.0,0.22,999.9,0,279
3,2020,02,12,2020-02-12,42.8,25.2,1018.4,10.0,5.4,11.1,22.0,48.0,37.9,0.14,999.9,0,438
1,2014,02,10,2014-02-10,25.1,12.4,1019.4,7.6,5.4,9.9,19.0,30.9,21.0,0.1,7.9,1,678
7,2022,02,13,2022-02-13,35.0,24.8,1019.0,5.1,5.4,9.9,19.0,59.0,28.9,0.14,999.9,1,229
6,2017,02,25,2017-02-25,57.3,53.5,1008.1,8.7,5.4,15.0,24.1,70.0,50.0,0.0,999.9,1,573
5,2022,02,04,2022-02-04,43.6,40.8,1013.6,5.5,5.4,9.9,22.0,57.0,28.9,0.6,2.0,0,288
3,2023,02,01,2023-02-01,32.1,15.0,1023.6,9.2,5.5,8.0,999.9,50.0,26.1,0.05,999.9,0,256
3,2018,02,07,2018-02-07,32.9,25.0,1030.5,6.4,5.5,11.1,22.0,45.0,26.1,0.0,999.9,1,653
1,2018,02,12,2018-02-12,48.4,36.6,1023.7,8.8,5.5,12.0,19.0,62.1,39.9,0.91,999.9,0,543
6,2024,02,17,2024-02-17,33.8,21.0,1009.8,6.3,5.5,11.1,22.9,37.9,30.2,0.17,999.9,1,252
1,2024,02,05,2024-02-05,37.6,16.0,1013.4,10.0,5.5,12.0,27.0,46.0,30.9,0.0,999.9,0,258
1,2014,02,17,2014-02-17,23.7,3.1,1024.2,10.0,5.5,11.1,18.1,32.0,18.0,0.0,18.1,0,491
2,2017,02,21,2017-02-21,40.8,18.8,1026.7,10.0,5.5,9.9,17.1,55.0,34.0,0.0,999.9,0,483
6,2021,02,20,2021-02-20,31.4,20.4,1018.3,9.3,5.5,13.0,20.0,34.0,27.0,0.11,5.1,0,257
1,2017,02,06,2017-02-06,41.6,20.4,1016.7,10.0,5.5,8.0,20.0,48.0,36.0,0.0,999.9,0,568
2,2017,02,14,2017-02-14,32.6,18.8,1013.0,10.0,5.5,11.1,22.0,39.9,28.0,0.02,2.0,0,688
5,2014,02,07,2014-02-07,27.6,13.5,1024.7,10.0,5.6,11.1,15.9,32.0,24.1,0.0,9.1,0,675
6,2022,02,19,2022-02-19,31.4,11.1,1016.1,10.0,5.6,15.0,29.9,39.0,26.1,0.33,999.9,0,237
6,2013,02,16,2013-02-16,37.9,28.0,1012.8,9.6,5.6,11.1,19.0,46.9,33.8,0.02,999.9,0,449
2,2023,02,14,2023-02-14,48.1,19.3,1012.6,10.0,5.6,11.1,21.0,57.0,39.9,0.0,999.9,0,259
7,2018,02,25,2018-02-25,42.4,39.8,1017.8,6.5,5.6,12.0,18.1,55.0,39.9,0.58,999.9,0,448
6,2021,02,13,2021-02-13,27.5,5.2,1026.0,10.0,5.6,8.9,15.9,28.9,25.0,0.0,7.9,0,210
1,2017,02,20,2017-02-20,50.5,25.4,1019.3,10.0,5.7,13.0,20.0,64.9,43.0,0.0,999.9,0,428
6,2020,02,22,2020-02-22,37.4,6.4,1024.7,10.0,5.7,8.0,17.1,50.0,19.9,0.0,999.9,0,407
4,2014,02,27,2014-02-27,24.6,1.3,1007.8,9.7,5.7,12.0,34.0,34.0,19.9,0.03,5.9,0,571
3,2015,02,25,2015-02-25,27.6,9.5,1010.4,10.0,5.8,9.9,21.0,37.0,19.9,0.0,11.8,0,628
7,2021,02,21,2021-02-21,29.7,12.9,1029.9,10.0,5.8,12.0,20.0,36.0,24.1,0.0,5.9,0,208
6,2014,02,22,2014-02-22,46.0,25.8,1014.5,10.0,5.8,11.1,19.0,54.0,41.0,0.09,13.0,0,587
2,2013,02,19,2013-02-19,39.2,22.4,1017.1,9.3,5.8,11.1,21.0,48.9,32.0,0.0,999.9,0,477
7,2015,02,08,2015-02-08,35.1,27.6,1013.7,5.9,5.9,13.0,18.1,39.9,25.0,0.02,7.9,0,394
4,2016,02,18,2016-02-18,32.5,11.5,1027.0,10.0,5.9,9.9,18.1,37.0,27.0,0.0,999.9,0,592
7,2017,02,19,2017-02-19,59.9,32.1,1007.5,10.0,5.9,12.0,20.0,64.9,54.0,0.0,999.9,0,438
5,2018,02,23,2018-02-23,37.6,34.1,1036.4,7.4,5.9,11.1,14.0,39.9,35.6,0.17,999.9,0,548
2,2015,02,24,2015-02-24,12.1,-6.8,1025.2,10.0,6.0,13.0,21.0,21.9,3.9,0.0,11.8,0,580
6,2016,02,20,2016-02-20,47.7,29.1,1015.3,10.0,6.0,9.9,21.0,61.0,36.0,0.0,999.9,0,555
1,2017,02,27,2017-02-27,42.2,19.2,1027.1,10.0,6.0,9.9,15.9,53.1,35.1,0.0,999.9,0,540
4,2018,02,08,2018-02-08,31.0,18.2,1023.5,10.0,6.0,11.1,24.1,45.0,25.0,0.85,999.9,0,616
4,2015,02,26,2015-02-26,26.8,8.2,1015.6,9.7,6.1,9.9,15.9,37.0,19.9,0.0,11.8,0,539
6,2023,02,11,2023-02-11,42.4,20.4,1021.8,10.0,6.1,11.1,22.9,61.0,36.0,0.0,999.9,0,261
5,2014,02,28,2014-02-28,16.5,-8.0,1024.3,10.0,6.1,14.0,24.1,34.0,9.0,0.0,5.9,0,655
4,2024,02,15,2024-02-15,31.9,13.0,1019.5,10.0,6.1,14.0,25.1,39.0,27.0,0.0,2.0,0,244
4,2020,02,06,2020-02-06,39.2,33.5,1008.3,5.2,6.1,11.1,15.9,55.0,35.1,0.43,999.9,0,544
3,2020,02,19,2020-02-19,44.0,25.5,1020.5,8.5,6.2,13.0,22.0,48.0,37.9,0.0,999.9,0,477
1,2013,02,04,2013-02-04,26.8,10.5,1012.0,9.8,6.2,12.0,28.0,30.0,23.0,0.02,999.9,0,553
2,2021,02,16,2021-02-16,40.2,34.4,1007.0,5.1,6.2,12.0,24.1,51.1,30.9,0.82,7.1,1,213
4,2015,02,05,2015-02-05,33.8,16.1,1014.6,10.0,6.3,11.1,22.9,43.0,21.0,0.0,7.9,0,569
7,2017,02,05,2017-02-05,35.2,13.9,1018.2,10.0,6.3,8.9,24.1,42.1,21.9,0.0,999.9,0,429
5,2014,02,21,2014-02-21,39.4,36.3,1011.7,2.9,6.3,14.0,28.0,48.2,35.6,0.03,15.0,1,545
6,2013,02,02,2013-02-02,24.1,6.5,1022.7,10.0,6.3,12.0,19.0,28.9,19.0,0.0,999.9,0,534
1,2021,02,08,2021-02-08,23.7,9.2,1026.4,9.3,6.3,12.0,22.9,39.9,17.1,0.41,5.9,0,301
6,2013,02,23,2013-02-23,38.0,34.3,1020.7,5.3,6.3,14.0,22.0,42.1,36.0,0.0,999.9,0,521
2,2023,02,28,2023-02-28,34.3,31.2,1006.7,3.5,6.3,15.9,24.1,46.0,32.0,0.47,999.9,1,228
3,2021,02,24,2021-02-24,45.8,28.5,1013.6,10.0,6.4,11.1,18.1,54.0,36.0,0.01,3.1,0,267
7,2016,02,28,2016-02-28,46.0,21.8,1013.4,10.0,6.4,8.9,20.0,60.1,26.1,0.0,999.9,0,509
2,2024,02,06,2024-02-06,34.9,13.0,1020.1,10.0,6.4,11.1,24.1,45.0,28.9,0.0,999.9,0,252
7,2017,02,12,2017-02-12,34.7,28.7,1017.7,6.2,6.4,14.0,20.0,48.0,30.0,0.04,5.1,0,439
3,2014,02,05,2014-02-05,31.8,27.5,1015.2,4.1,6.4,13.0,24.1,35.1,21.9,0.97,7.9,1,468
2,2020,02,18,2020-02-18,41.9,30.2,1024.8,9.1,6.4,11.1,18.1,51.1,37.9,0.0,999.9,0,428
5,2013,02,22,2013-02-22,30.0,17.2,1026.7,10.0,6.4,9.9,21.0,37.9,25.0,0.0,999.9,0,531
5,2023,02,24,2023-02-24,41.9,29.2,1019.7,7.6,6.5,17.1,28.0,45.0,34.0,0.02,999.9,0,269
3,2021,02,03,2021-02-03,32.2,23.6,998.2,8.7,6.5,9.9,18.1,37.0,28.9,0.04,14.2,0,246
2,2016,02,16,2016-02-16,45.0,41.2,1010.7,4.1,6.5,15.0,35.0,53.6,30.9,0.46,999.9,1,615
6,2014,02,15,2014-02-15,35.6,23.9,1006.5,7.0,6.5,14.0,22.0,39.9,30.9,0.3,18.1,1,516
5,2016,02,12,2016-02-12,20.4,-1.8,1021.3,10.0,6.6,12.0,25.1,30.9,15.1,0.0,999.9,0,628
1,2023,02,13,2023-02-13,46.7,18.2,1004.1,10.0,6.6,11.1,15.9,57.0,37.9,0.01,999.9,0,264
4,2022,02,17,2022-02-17,55.6,41.7,1022.5,10.0,6.6,11.1,22.0,68.0,45.0,0.0,999.9,0,267
6,2022,02,26,2022-02-26,29.2,12.1,1028.2,10.0,6.6,12.0,22.0,41.0,24.1,0.24,999.9,0,247
3,2022,02,23,2022-02-23,60.8,49.0,1014.0,10.0,6.6,11.1,26.0,68.0,37.0,0.26,999.9,0,253
7,2024,02,18,2024-02-18,31.4,12.1,1011.4,10.0,6.6,11.1,28.0,39.9,26.1,0.01,2.0,0,212
6,2021,02,06,2021-02-06,39.4,16.7,1013.0,10.0,6.6,13.0,28.9,46.9,34.0,0.07,9.1,0,275
3,2016,02,17,2016-02-17,39.1,26.7,1013.0,10.0,6.7,9.9,18.1,54.0,35.1,0.99,999.9,0,525
5,2018,02,02,2018-02-02,31.9,18.1,1014.7,9.2,6.7,13.0,24.1,45.0,21.0,0.23,999.9,0,617
4,2021,02,04,2021-02-04,35.0,19.9,1008.6,10.0,6.7,11.1,19.0,43.0,28.9,0.01,13.0,0,277
4,2018,02,22,2018-02-22,48.7,39.0,1032.6,8.4,6.8,9.9,20.0,78.1,37.0,0.06,999.9,0,550
4,2021,02,18,2021-02-18,28.1,13.5,1030.8,5.9,6.8,12.0,20.0,34.0,21.9,0.0,3.1,1,256
1,2018,02,05,2018-02-05,36.6,26.0,1013.9,8.1,6.8,13.0,26.0,46.0,28.9,0.96,999.9,0,706
5,2023,02,10,2023-02-10,56.0,39.5,1010.7,10.0,6.8,17.1,25.1,61.0,42.1,0.0,999.9,0,297
1,2015,02,02,2015-02-02,29.9,25.0,1008.1,3.0,6.8,15.0,26.0,36.0,19.9,0.71,5.9,1,680
6,2022,02,12,2022-02-12,53.9,27.9,1012.6,10.0,6.8,9.9,20.0,59.0,37.9,0.0,999.9,0,237
5,2020,02,14,2020-02-14,33.8,15.4,1020.7,10.0,6.9,11.1,20.0,44.1,25.0,0.16,999.9,0,632
4,2016,02,25,2016-02-25,52.6,44.7,992.1,8.5,6.9,12.0,32.1,61.0,36.0,1.11,999.9,0,663
4,2023,02,23,2023-02-23,38.8,35.4,1013.1,7.8,6.9,12.0,19.0,44.1,37.0,0.16,999.9,0,215
1,2022,02,28,2022-02-28,32.5,6.2,1021.3,10.0,6.9,13.0,22.0,48.0,26.1,0.0,999.9,0,278
4,2022,02,24,2022-02-24,32.9,12.7,1028.8,10.0,7.0,15.0,21.0,43.0,28.9,0.0,999.9,0,223
5,2022,02,25,2022-02-25,33.2,25.2,1023.6,6.6,7.0,14.0,22.0,41.0,28.9,0.5,999.9,0,251
1,2016,02,29,2016-02-29,52.8,31.5,1005.0,9.7,7.1,12.0,20.0,61.0,37.9,0.0,999.9,0,616
7,2013,02,24,2013-02-24,39.3,32.4,1009.3,8.1,7.1,13.0,24.1,46.9,36.0,0.27,999.9,0,426
6,2018,02,03,2018-02-03,21.8,2.6,1028.5,10.0,7.1,12.0,20.0,41.0,16.0,0.18,999.9,0,478
5,2020,02,07,2020-02-07,40.7,36.4,992.1,5.2,7.2,19.0,34.0,55.9,35.1,0.19,999.9,0,604
6,2024,02,03,2024-02-03,37.8,22.1,1016.6,10.0,7.2,12.0,22.0,46.0,32.0,0.13,999.9,0,242
2,2015,02,03,2015-02-03,18.1,7.6,1019.8,8.9,7.2,12.0,26.0,34.0,12.9,0.34,7.1,0,740
6,2022,02,05,2022-02-05,24.9,14.4,1021.7,9.7,7.2,13.0,24.1,28.4,21.9,0.53,999.9,0,295
2,2013,02,12,2013-02-12,41.9,28.8,1009.8,8.8,7.2,14.0,22.0,45.0,39.9,0.4,9.1,0,498
5,2021,02,19,2021-02-19,29.8,26.4,1020.6,3.2,7.3,12.0,18.1,33.8,26.6,0.48,2.0,1,202
2,2014,02,25,2014-02-25,28.2,9.0,1016.7,10.0,7.3,14.0,22.0,44.1,24.1,0.0,5.9,0,513
2,2024,02,13,2024-02-13,37.3,28.7,1004.7,6.1,7.4,12.0,22.9,48.0,33.1,0.31,999.9,1,182
5,2016,02,05,2016-02-05,37.4,26.2,1019.2,6.1,7.4,13.0,25.1,48.9,30.2,0.38,999.9,1,607
3,2021,02,17,2021-02-17,29.7,8.8,1022.8,10.0,7.4,14.0,24.1,51.1,21.9,0.02,5.9,0,239
6,2020,02,08,2020-02-08,34.5,16.1,1016.4,10.0,7.5,12.0,27.0,39.9,30.0,0.14,999.9,0,466
6,2020,02,29,2020-02-29,32.2,7.8,1010.9,10.0,7.5,9.9,24.1,42.1,28.9,0.0,999.9,0,456
7,2022,02,27,2022-02-27,35.8,15.1,1018.2,10.0,7.5,14.0,25.1,48.0,24.1,0.0,999.9,0,244
5,2015,02,06,2015-02-06,17.9,-1.5,1022.5,10.0,7.6,12.0,24.1,27.0,12.0,0.0,7.9,0,652
7,2017,02,26,2017-02-26,41.5,24.8,1012.3,9.2,7.6,13.0,24.1,63.0,36.0,0.54,999.9,0,462
7,2016,02,14,2016-02-14,6.9,-16.1,1030.3,10.0,7.6,14.0,31.1,21.9,-0.9,0.0,999.9,0,309
1,2014,02,24,2014-02-24,39.1,17.0,1011.6,10.0,7.6,13.0,22.9,54.0,32.0,0.0,9.1,0,569
7,2022,02,20,2022-02-20,27.0,3.6,1028.2,10.0,7.7,15.0,27.0,39.9,21.0,0.0,999.9,0,245
6,2017,02,04,2017-02-04,27.6,5.2,1025.6,10.0,7.7,12.0,24.1,34.0,21.9,0.0,999.9,0,541
3,2015,02,11,2015-02-11,28.3,12.2,1017.2,10.0,7.8,15.9,24.1,39.9,21.9,0.01,7.9,0,610
1,2022,02,14,2022-02-14,21.8,3.5,1019.5,10.0,7.9,12.0,22.0,42.1,16.0,0.09,1.2,0,305
5,2024,02,16,2024-02-16,38.5,16.7,1010.2,10.0,7.9,13.0,25.1,43.0,27.0,0.0,999.9,0,282
6,2013,02,09,2013-02-09,28.8,21.0,1013.9,3.4,8.0,14.0,25.1,32.0,25.0,1.52,999.9,1,403
4,2016,02,11,2016-02-11,26.1,4.3,1010.9,9.5,8.0,13.0,28.9,39.0,21.9,0.0,999.9,0,622
2,2015,02,10,2015-02-10,30.0,19.3,1016.7,9.6,8.1,11.1,20.0,39.9,25.0,0.07,7.9,0,571
6,2023,02,18,2023-02-18,34.1,13.7,1022.2,10.0,8.1,12.0,22.9,42.1,27.0,0.18,999.9,0,252
1,2013,02,18,2013-02-18,23.4,2.0,1019.7,10.0,8.2,18.1,28.9,35.1,17.1,0.0,999.9,0,398
5,2017,02,10,2017-02-10,24.2,6.2,1020.6,10.0,8.2,15.0,27.0,44.1,19.0,0.82,2.0,0,708
4,2021,02,25,2021-02-25,46.0,23.5,1014.8,10.0,8.2,13.0,27.0,54.0,39.0,0.0,2.0,0,269
7,2014,02,16,2014-02-16,26.6,11.6,1011.2,9.1,8.3,13.0,24.1,37.0,21.0,0.13,18.1,0,464
5,2016,02,26,2016-02-26,35.5,14.9,1007.5,10.0,8.3,13.0,28.9,39.9,30.9,0.02,999.9,0,476
5,2017,02,17,2017-02-17,32.1,14.1,1009.7,10.0,8.3,12.0,22.0,41.0,26.1,0.0,999.9,0,680
5,2013,02,01,2013-02-01,29.3,9.5,1010.9,10.0,8.4,14.0,28.9,34.0,26.1,0.01,999.9,0,574
5,2022,02,18,2022-02-18,49.5,35.9,1005.5,8.7,8.5,15.0,26.0,68.0,33.1,0.64,999.9,0,279
1,2015,02,16,2015-02-16,9.8,-11.8,1020.5,10.0,8.5,17.1,32.1,25.0,3.0,0.0,9.1,0,402
6,2023,02,04,2023-02-04,12.2,-10.8,1032.6,10.0,8.6,15.0,27.0,35.1,3.0,0.0,999.9,0,222
1,2015,02,23,2015-02-23,28.2,8.4,1024.0,10.0,8.7,15.0,24.1,43.0,15.1,0.1,13.0,0,574
2,2021,02,02,2021-02-02,32.0,28.5,997.7,2.9,8.8,17.1,27.0,34.0,21.9,1.63,5.1,0,238
5,2015,02,13,2015-02-13,16.1,-4.7,1017.2,10.0,8.8,15.9,28.0,39.9,8.1,0.0,7.9,0,757
4,2017,02,16,2017-02-16,33.6,19.1,1000.1,10.0,8.9,13.0,25.1,46.9,30.9,0.0,999.9,0,652
4,2013,02,21,2013-02-21,28.0,9.8,1015.9,10.0,9.2,15.0,26.0,34.0,24.1,0.0,999.9,0,498
4,2017,02,09,2017-02-09,33.3,23.6,1004.0,5.2,9.2,17.1,32.1,62.1,21.9,0.34,999.9,1,507
5,2020,02,28,2020-02-28,33.8,10.0,1009.6,10.0,9.3,15.9,28.0,43.0,28.9,0.0,999.9,0,530
5,2014,02,14,2014-02-14,35.5,26.4,993.7,6.3,9.3,18.1,26.0,39.9,24.1,1.83,11.8,1,792
4,2015,02,19,2015-02-19,20.9,2.1,1008.1,9.7,9.3,14.0,25.1,33.1,14.0,0.0,9.1,0,515
6,2016,02,13,2016-02-13,19.3,-0.7,1015.8,10.0,9.4,18.1,31.1,27.0,9.0,0.0,999.9,0,480
3,2024,02,14,2024-02-14,34.2,13.7,1013.8,10.0,9.4,15.9,29.9,41.0,28.9,0.46,1.2,0,291
5,2023,02,03,2023-02-03,27.3,4.9,1013.8,10.0,9.4,17.1,33.0,39.9,15.1,0.0,999.9,0,307
1,2016,02,08,2016-02-08,36.0,24.2,1009.5,8.8,9.5,14.0,22.9,46.9,30.9,0.0,999.9,0,501
7,2013,02,17,2013-02-17,29.0,6.6,1006.6,10.0,9.6,17.1,35.0,35.1,24.1,0.0,999.9,0,447
1,2015,02,09,2015-02-09,27.7,21.0,1014.8,8.8,9.6,15.9,22.9,37.0,25.0,0.03,7.9,0,547
5,2015,02,20,2015-02-20,10.0,-11.1,1021.3,10.0,9.7,14.0,27.0,27.0,1.9,0.0,9.1,0,621
3,2013,02,20,2013-02-20,33.8,16.8,1009.1,10.0,9.9,14.0,28.9,45.0,28.9,0.15,999.9,0,510
1,2017,02,13,2017-02-13,35.2,24.7,1007.0,9.8,9.9,21.0,34.0,39.9,30.0,0.44,2.0,0,642
5,2013,02,08,2013-02-08,32.3,26.2,1022.6,5.8,10.2,19.0,31.1,34.0,30.0,0.01,999.9,1,703
4,2024,02,29,2024-02-29,40.0,21.4,1018.5,9.8,10.3,19.0,39.0,62.1,30.9,0.16,999.9,0,253
4,2014,02,13,2014-02-13,29.9,24.8,1014.2,3.6,10.6,19.0,33.0,36.0,12.9,0.25,9.8,1,447
4,2020,02,27,2020-02-27,41.5,30.3,1001.2,8.0,10.6,17.1,36.9,48.0,34.0,0.4,999.9,0,581
3,2013,02,27,2013-02-27,40.2,36.8,1009.0,4.2,10.7,17.1,32.1,46.9,35.6,1.26,999.9,0,550
7,2015,02,15,2015-02-15,18.9,4.1,1005.5,8.8,10.8,15.0,34.0,32.0,10.0,0.02,7.9,0,454
2,2016,02,23,2016-02-23,38.0,26.6,1024.7,8.4,10.9,19.0,29.9,52.0,35.1,0.0,999.9,0,623
3,2016,02,24,2016-02-24,40.7,38.0,1019.6,2.9,11.0,17.1,31.1,55.9,35.1,0.43,999.9,0,660
1,2021,02,01,2021-02-01,27.0,23.6,1012.1,0.7,11.4,17.1,31.1,33.1,19.9,0.43,999.9,1,239
7,2019,02,24,2019-02-24,40.9,37.5,1009.7,5.4,999.9,999.9,999.9,46.9,32.0,0.38,999.9,0,401
7,2019,02,10,2019-02-10,28.3,8.7,1036.9,10.0,999.9,999.9,999.9,35.1,23.0,0.0,999.9,0,445
3,2019,02,20,2019-02-20,28.7,13.2,1035.4,7.1,999.9,999.9,999.9,36.0,23.0,0.0,999.9,1,615
3,2019,02,27,2019-02-27,26.3,7.1,1028.3,10.0,999.9,999.9,999.9,36.0,23.0,0.0,999.9,0,529
5,2019,02,01,2019-02-01,14.9,-7.7,1029.5,10.0,999.9,999.9,999.9,21.0,1.9,0.0,999.9,0,651
2,2019,02,19,2019-02-19,28.2,8.9,1031.4,10.0,999.9,999.9,999.9,42.1,23.0,0.01,999.9,0,527
5,2019,02,08,2019-02-08,45.0,36.1,1014.3,7.3,999.9,999.9,999.9,55.0,39.0,0.31,999.9,0,661
3,2019,02,13,2019-02-13,36.5,29.0,1005.3,7.3,999.9,999.9,999.9,41.0,26.1,0.83,999.9,0,639
1,2019,02,18,2019-02-18,35.6,29.7,1013.4,6.2,999.9,999.9,999.9,42.1,33.1,0.12,999.9,0,406
2,2019,02,05,2019-02-05,53.4,39.4,1014.5,9.6,999.9,999.9,999.9,64.9,41.0,0.0,999.9,0,570
6,2019,02,09,2019-02-09,29.5,6.3,1031.2,10.0,999.9,999.9,999.9,39.0,24.1,0.07,999.9,0,540
1,2019,02,11,2019-02-11,33.9,16.4,1026.8,10.0,999.9,999.9,999.9,37.9,23.0,0.0,999.9,0,568
1,2019,02,25,2019-02-25,40.8,17.2,1004.8,10.0,999.9,999.9,999.9,46.9,36.0,0.21,999.9,0,700
4,2019,02,21,2019-02-21,37.9,32.0,1014.7,5.8,999.9,999.9,999.9,52.0,26.1,0.67,999.9,0,597
4,2019,02,14,2019-02-14,37.3,18.7,1014.5,10.0,999.9,999.9,999.9,46.0,33.1,0.08,1.2,0,664
6,2019,02,23,2019-02-23,37.3,22.7,1030.8,10.0,999.9,999.9,999.9,44.1,32.0,0.0,999.9,0,439
3,2019,02,06,2019-02-06,43.1,30.2,1021.2,9.9,999.9,999.9,999.9,64.9,35.1,0.0,999.9,0,615
4,2019,02,28,2019-02-28,31.0,17.7,1020.1,9.1,999.9,999.9,999.9,37.0,23.0,0.03,999.9,0,699
6,2019,02,16,2019-02-16,42.3,21.8,1009.1,10.0,999.9,999.9,999.9,59.0,34.0,0.0,999.9,0,535
2,2019,02,26,2019-02-26,30.1,6.3,1025.4,10.0,999.9,999.9,999.9,43.0,26.1,0.0,999.9,0,670
7,2019,02,17,2019-02-17,32.2,14.8,1018.2,10.0,999.9,999.9,999.9,46.9,26.1,0.0,999.9,0,439
6,2019,02,02,2019-02-02,23.3,5.0,1025.6,10.0,999.9,999.9,999.9,34.0,10.9,0.0,999.9,0,577
5,2019,02,15,2019-02-15,48.4,34.5,1009.6,10.0,999.9,999.9,999.9,59.0,33.1,0.0,999.9,0,616
2,2019,02,12,2019-02-12,30.8,18.0,1027.2,6.6,999.9,999.9,999.9,37.9,26.1,0.0,999.9,1,687
1,2019,02,04,2019-02-04,48.3,32.9,1018.3,9.4,999.9,999.9,999.9,61.0,33.1,0.0,999.9,0,651
7,2019,02,03,2019-02-03,39.0,25.8,1019.8,8.0,999.9,999.9,999.9,52.0,32.0,0.0,999.9,0,490
5,2019,02,22,2019-02-22,42.3,23.2,1024.8,10.0,999.9,999.9,999.9,52.0,33.1,0.1,1.2,0,546
4,2019,02,07,2019-02-07,41.4,38.7,1018.1,7.3,999.9,999.9,999.9,46.0,35.1,0.51,999.9,0,588
5,2019,03,15,2019-03-15,58.2,48.0,1010.4,9.8,1.3,5.1,999.9,75.0,42.1,0.01,999.9,0,673
4,2019,03,28,2019-03-28,42.4,26.6,1029.7,10.0,1.3,5.1,999.9,53.1,34.0,0.0,999.9,0,644
5,2019,03,29,2019-03-29,52.8,37.8,1020.3,10.0,1.6,5.1,999.9,59.0,37.0,0.0,999.9,0,563
3,2016,03,09,2016-03-09,57.2,39.4,1019.0,6.6,1.8,5.1,999.9,77.0,44.1,0.0,999.9,0,660
4,2015,03,26,2015-03-26,46.9,42.5,1014.8,5.0,1.9,8.0,14.0,61.0,34.0,0.05,999.9,0,525
3,2019,03,20,2019-03-20,44.3,24.1,1028.3,9.9,2.1,8.0,999.9,53.1,35.1,0.0,999.9,0,584
4,2019,03,14,2019-03-14,47.3,31.7,1022.9,10.0,2.3,7.0,15.9,57.0,32.0,0.0,999.9,0,611
4,2022,03,10,2022-03-10,39.1,30.2,1020.2,8.5,2.3,8.0,999.9,51.1,33.1,0.55,999.9,0,268
4,2018,03,29,2018-03-29,50.8,44.8,1016.2,6.2,2.4,8.0,999.9,53.1,37.9,0.03,999.9,0,613
4,2024,03,14,2024-03-14,56.4,38.9,1015.3,10.0,2.4,5.1,999.9,73.9,46.0,0.0,999.9,0,277
7,2015,03,01,2015-03-01,27.2,7.0,1037.6,7.3,2.5,7.0,17.1,30.9,24.1,0.0,11.0,1,693
2,2019,03,19,2019-03-19,41.6,15.5,1028.6,10.0,2.5,8.0,999.9,51.1,32.0,0.0,999.9,0,565
5,2023,03,31,2023-03-31,44.9,23.8,1024.4,10.0,2.5,7.0,999.9,52.0,30.9,0.0,999.9,0,256
7,2021,03,21,2021-03-21,51.9,20.7,1033.4,10.0,2.5,7.0,999.9,63.0,33.1,0.0,999.9,0,261
3,2016,03,16,2016-03-16,54.5,43.0,1009.7,9.6,2.6,7.0,999.9,64.9,44.1,0.0,999.9,0,629
4,2021,03,11,2021-03-11,53.7,40.5,1024.3,7.3,2.6,7.0,999.9,71.1,41.0,0.0,999.9,1,287
1,2017,03,06,2017-03-06,33.5,5.8,1032.9,10.0,2.6,6.0,999.9,45.0,14.0,0.0,999.9,0,618
6,2019,03,30,2019-03-30,58.8,43.2,1017.0,10.0,2.6,6.0,999.9,70.0,48.9,0.0,999.9,0,516
3,2024,03,27,2024-03-27,46.5,38.2,1019.6,8.4,2.7,8.0,17.1,53.1,39.0,0.0,999.9,0,200
5,2023,03,17,2023-03-17,53.6,24.6,1007.9,10.0,2.7,7.0,999.9,60.1,34.0,0.0,999.9,0,282
7,2016,03,06,2016-03-06,37.3,14.5,1024.1,10.0,2.7,7.0,999.9,44.1,28.0,0.0,999.9,0,500
1,2021,03,22,2021-03-22,50.6,30.2,1029.8,9.5,2.9,7.0,999.9,63.0,42.1,0.0,999.9,0,295
6,2022,03,05,2022-03-05,37.8,14.8,1031.8,10.0,2.9,7.0,15.0,46.0,21.0,0.0,999.9,0,259
5,2022,03,18,2022-03-18,57.6,49.3,1015.0,6.1,2.9,7.0,14.0,73.9,45.0,0.08,999.9,1,362
6,2021,03,20,2021-03-20,43.6,12.3,1032.6,10.0,3.0,7.0,999.9,59.0,30.9,0.07,999.9,0,283
3,2021,03,17,2021-03-17,39.5,30.5,1021.7,9.9,3.0,8.0,999.9,46.9,28.9,0.0,999.9,0,243
1,2019,03,18,2019-03-18,38.3,11.2,1024.4,10.0,3.0,7.0,999.9,46.0,32.0,0.0,999.9,0,575
5,2022,03,11,2022-03-11,45.4,25.5,1018.5,10.0,3.1,8.0,15.9,55.0,33.1,0.0,999.9,0,329
5,2016,03,25,2016-03-25,57.7,47.3,1008.0,7.2,3.2,7.0,14.0,72.0,44.1,0.0,999.9,0,546
3,2014,03,05,2014-03-05,31.3,6.0,1024.3,10.0,3.2,8.9,14.0,37.0,28.0,0.0,5.1,0,491
3,2024,03,13,2024-03-13,56.3,29.2,1012.2,10.0,3.2,8.9,999.9,66.0,43.0,0.0,999.9,0,248
6,2022,03,19,2022-03-19,57.1,50.3,1010.4,7.0,3.2,7.0,999.9,66.9,48.2,0.0,999.9,0,287
2,2018,03,27,2018-03-27,39.8,21.8,1034.0,10.0,3.2,7.0,999.9,50.0,34.0,0.0,999.9,0,627
7,2024,03,03,2024-03-03,55.7,38.0,1020.3,8.3,3.2,7.0,999.9,68.0,42.1,1.27,999.9,0,228
2,2015,03,10,2015-03-10,47.2,30.1,1024.6,8.5,3.3,7.0,14.0,54.0,39.0,0.13,13.0,0,584
3,2014,03,12,2014-03-12,52.5,38.4,997.5,7.9,3.3,7.0,17.1,66.0,45.0,0.0,999.9,0,515
5,2018,03,30,2018-03-30,52.5,46.3,1007.4,6.0,3.3,9.9,18.1,62.1,48.0,0.03,999.9,0,580
4,2023,03,23,2023-03-23,52.7,47.0,1015.1,7.0,3.3,8.9,17.1,62.1,48.0,0.0,999.9,0,261
2,2016,03,08,2016-03-08,55.1,34.3,1019.3,9.2,3.3,9.9,15.9,66.9,36.0,0.0,999.9,0,632
6,2014,03,01,2014-03-01,27.2,5.8,1027.7,10.0,3.4,7.0,14.0,37.0,9.0,0.0,5.9,0,497
7,2014,03,02,2014-03-02,36.9,17.9,1018.5,9.8,3.4,8.0,999.9,39.9,35.1,0.0,5.9,0,344
3,2024,03,06,2024-03-06,49.1,45.0,1016.9,5.5,3.4,11.1,21.0,53.1,42.1,0.37,999.9,0,282
1,2019,03,25,2019-03-25,52.5,25.3,1017.2,10.0,3.4,8.0,999.9,60.1,37.9,0.0,999.9,0,526
4,2024,03,28,2024-03-28,48.8,45.2,1015.4,5.4,3.5,8.9,999.9,51.1,46.4,0.47,999.9,0,269
4,2020,03,12,2020-03-12,46.9,31.3,1020.0,10.0,3.5,8.9,999.9,57.0,43.0,0.0,999.9,0,456
3,2019,03,13,2019-03-13,38.6,18.7,1026.7,9.8,3.5,12.0,19.0,46.9,33.1,0.0,999.9,0,562
3,2015,03,25,2015-03-25,39.9,20.1,1028.0,9.7,3.5,9.9,15.9,48.9,26.1,0.0,999.9,0,538
3,2020,03,18,2020-03-18,47.9,28.0,1029.0,10.0,3.5,9.9,15.9,54.0,41.0,0.07,999.9,0,298
2,2017,03,21,2017-03-21,48.5,24.2,1012.9,10.0,3.5,8.0,15.0,59.0,33.1,0.0,999.9,0,636
3,2018,03,28,2018-03-28,43.9,33.7,1019.0,8.4,3.6,7.0,15.0,52.0,34.0,0.04,999.9,0,629
2,2021,03,16,2021-03-16,32.7,5.4,1025.8,10.0,3.7,8.9,15.0,39.0,24.1,0.0,999.9,0,237
7,2016,03,13,2016-03-13,56.7,33.1,1016.7,10.0,3.7,8.0,19.0,62.1,39.9,0.0,999.9,0,435
2,2023,03,28,2023-03-28,46.2,34.4,1017.0,10.0,3.7,9.9,15.9,62.1,42.1,0.29,999.9,0,246
1,2023,03,20,2023-03-20,38.9,14.4,1023.9,10.0,3.7,8.9,14.0,51.1,28.9,0.0,999.9,0,287
4,2021,03,18,2021-03-18,45.3,40.6,1015.9,6.5,3.7,9.9,15.9,46.9,34.0,0.0,999.9,0,244
3,2022,03,16,2022-03-16,57.5,37.4,1021.3,10.0,3.7,9.9,15.9,68.0,46.0,0.0,999.9,0,311
5,2023,03,10,2023-03-10,40.4,26.6,1017.5,10.0,3.8,7.0,14.0,51.1,33.1,0.0,999.9,0,292
2,2017,03,07,2017-03-07,45.6,37.1,1026.2,8.7,3.8,7.0,15.0,52.0,26.1,0.0,999.9,0,637
7,2021,03,28,2021-03-28,54.0,47.9,1012.4,6.9,3.8,11.1,20.0,69.1,48.0,0.0,999.9,1,198
6,2013,03,30,2013-03-30,48.0,24.5,1019.9,10.0,3.8,8.0,999.9,59.0,39.9,0.0,999.9,0,513
7,2023,03,12,2023-03-12,39.8,25.2,1015.6,10.0,3.9,8.0,17.1,48.0,34.0,0.18,999.9,0,213
4,2022,03,31,2022-03-31,53.1,44.3,1008.1,8.1,3.9,8.0,15.9,66.0,28.9,0.0,999.9,0,282
7,2015,03,08,2015-03-08,41.4,21.3,1017.6,9.8,4.0,11.1,19.0,48.9,37.0,0.0,18.1,0,464
5,2024,03,01,2024-03-01,36.8,15.2,1034.1,10.0,4.0,8.0,20.0,48.0,30.0,0.0,999.9,0,309
5,2022,03,25,2022-03-25,49.5,39.3,1003.1,8.7,4.0,9.9,21.0,60.1,37.9,0.64,999.9,0,307
4,2023,03,02,2023-03-02,43.9,37.7,1007.9,5.2,4.0,8.0,17.1,54.0,39.9,0.0,1.2,0,247
5,2020,03,20,2020-03-20,56.0,48.3,1015.6,7.9,4.0,15.0,24.1,77.0,41.0,0.03,999.9,0,306
6,2015,03,14,2015-03-14,44.0,37.5,1021.2,6.4,4.0,9.9,19.0,51.1,30.9,0.23,2.0,0,507
2,2014,03,25,2014-03-25,32.4,7.4,1018.7,10.0,4.1,9.9,15.9,39.0,21.0,0.0,999.9,0,474
3,2021,03,24,2021-03-24,51.6,44.5,1022.6,8.4,4.1,8.0,999.9,66.0,43.0,0.0,999.9,1,268
2,2021,03,23,2021-03-23,52.0,39.8,1025.7,8.8,4.1,7.0,999.9,66.0,42.1,0.0,999.9,0,283
7,2013,03,10,2013-03-10,41.8,28.6,1027.2,10.0,4.1,7.0,999.9,51.1,36.0,0.0,2.0,0,415
4,2021,03,25,2021-03-25,55.6,51.6,1017.2,4.1,4.1,8.0,14.0,68.0,46.9,1.27,999.9,0,257
6,2024,03,16,2024-03-16,53.1,36.8,1009.2,10.0,4.1,8.0,15.9,73.0,46.9,0.0,999.9,0,261
6,2016,03,19,2016-03-19,42.3,16.3,1017.6,10.0,4.1,8.0,15.0,57.0,36.0,0.0,999.9,0,540
1,2021,03,08,2021-03-08,33.7,8.6,1029.5,10.0,4.2,8.0,15.0,43.0,26.1,0.0,999.9,0,250
5,2015,03,27,2015-03-27,43.9,36.6,1006.0,9.1,4.2,12.0,20.0,62.1,39.0,0.59,999.9,0,532
1,2015,03,09,2015-03-09,46.6,23.0,1020.7,9.8,4.2,7.0,15.0,54.0,37.0,0.01,16.1,0,661
3,2023,03,22,2023-03-22,53.6,24.4,1026.8,10.0,4.2,8.9,18.1,63.0,39.9,0.0,999.9,0,221
2,2018,03,06,2018-03-06,38.6,24.1,1016.9,10.0,4.2,11.1,15.9,46.9,32.0,0.0,999.9,0,676
3,2023,03,01,2023-03-01,38.3,28.9,1018.5,9.8,4.2,8.0,999.9,44.1,32.0,0.08,2.0,0,311
3,2024,03,20,2024-03-20,45.4,28.5,1004.7,9.7,4.2,8.0,32.1,57.0,36.0,0.0,999.9,0,246
4,2018,03,01,2018-03-01,55.6,37.8,1009.9,10.0,4.2,8.0,999.9,61.0,42.1,0.0,999.9,0,619
6,2024,03,02,2024-03-02,45.3,40.3,1029.6,6.6,4.2,9.9,22.0,55.4,41.0,0.0,999.9,0,235
7,2016,03,27,2016-03-27,45.7,34.5,1027.8,10.0,4.2,8.0,999.9,55.0,37.9,0.0,999.9,0,459
2,2015,03,24,2015-03-24,33.8,5.9,1026.0,10.0,4.2,9.9,999.9,45.0,23.0,0.0,999.9,0,601
5,2017,03,24,2017-03-24,43.3,20.2,1028.8,10.0,4.2,8.0,18.1,57.0,23.0,0.0,999.9,0,654
1,2017,03,13,2017-03-13,26.0,3.9,1030.4,10.0,4.2,9.9,17.1,36.0,19.9,0.0,999.9,0,792
2,2020,03,17,2020-03-17,45.1,37.2,1023.7,9.3,4.3,12.0,19.0,54.0,33.1,0.09,999.9,0,374
5,2023,03,03,2023-03-03,41.6,24.5,1015.2,10.0,4.3,11.1,21.0,48.0,37.0,0.0,999.9,0,282
1,2018,03,19,2018-03-19,39.4,10.8,1012.9,10.0,4.3,11.1,15.0,46.9,28.0,0.0,999.9,0,686
1,2017,03,27,2017-03-27,42.5,40.0,1019.6,4.0,4.3,8.9,15.0,53.1,37.0,0.01,999.9,1,629
1,2017,03,20,2017-03-20,41.5,13.9,1019.2,10.0,4.3,8.9,15.0,52.0,33.1,0.0,3.1,0,750
3,2023,03,29,2023-03-29,46.6,20.1,1019.8,10.0,4.3,8.9,15.0,55.0,39.0,0.0,999.9,0,274
5,2020,03,27,2020-03-27,57.0,35.8,1009.9,10.0,4.3,9.9,15.9,69.1,37.9,0.0,999.9,0,195
4,2020,03,26,2020-03-26,45.6,31.4,1016.0,10.0,4.3,9.9,18.1,60.1,37.9,0.01,999.9,0,187
1,2023,03,27,2023-03-27,52.8,23.5,1016.0,9.3,4.3,11.1,15.0,63.0,44.1,0.0,999.9,0,265
7,2019,03,31,2019-03-31,54.7,42.1,1007.6,9.3,4.4,9.9,25.1,70.0,46.0,0.0,999.9,0,450
6,2016,03,12,2016-03-12,50.1,29.6,1024.8,10.0,4.4,8.0,999.9,68.0,39.9,0.0,999.9,0,625
4,2016,03,10,2016-03-10,70.5,43.2,1014.8,9.9,4.4,8.0,15.0,78.1,64.0,0.0,999.9,0,629
4,2020,03,19,2020-03-19,46.1,39.0,1025.6,7.3,4.4,9.9,18.1,54.0,41.0,0.9,999.9,0,339
5,2023,03,24,2023-03-24,50.9,33.9,1012.8,9.6,4.4,9.9,19.0,60.1,44.1,0.09,999.9,0,247
4,2016,03,17,2016-03-17,52.0,38.3,1010.0,9.8,4.4,8.9,22.0,64.9,45.0,0.02,999.9,0,612
2,2014,03,04,2014-03-04,20.1,-0.1,1027.2,10.0,4.4,8.0,999.9,32.0,12.9,0.0,5.1,0,532
3,2015,03,11,2015-03-11,48.8,39.6,1014.8,6.5,4.5,9.9,19.0,59.0,39.0,0.47,11.0,0,565
3,2017,03,01,2017-03-01,58.6,53.5,1007.5,8.6,4.5,8.9,19.0,70.0,46.9,0.0,999.9,0,571
7,2022,03,06,2022-03-06,51.7,42.7,1019.2,8.5,4.5,9.9,19.0,68.0,32.0,0.0,999.9,1,237
2,2013,03,26,2013-03-26,42.2,27.3,1005.1,9.7,4.5,8.9,15.9,53.1,37.0,0.17,999.9,0,425
7,2019,03,24,2019-03-24,47.3,11.8,1020.1,10.0,4.5,7.0,15.9,60.1,35.1,0.0,999.9,0,466
3,2022,03,30,2022-03-30,36.3,8.9,1022.2,10.0,4.5,8.9,999.9,46.9,24.1,0.0,999.9,0,285
5,2024,03,22,2024-03-22,35.2,11.4,1027.3,10.0,4.5,9.9,18.1,46.0,28.9,0.0,999.9,0,242
2,2014,03,11,2014-03-11,53.6,30.9,1002.9,9.9,4.6,8.0,15.9,64.9,36.0,0.0,1.2,0,510
1,2015,03,16,2015-03-16,40.7,23.7,1014.4,10.0,4.6,14.0,22.0,52.0,35.1,0.0,999.9,0,529
7,2013,03,17,2013-03-17,33.0,20.0,1017.5,9.8,4.6,8.9,19.0,37.9,28.9,0.12,999.9,0,426
7,2013,03,31,2013-03-31,49.3,29.7,1017.0,9.7,4.6,12.0,21.0,54.0,44.1,0.0,999.9,0,426
2,2021,03,30,2021-03-30,50.6,25.8,1027.3,10.0,4.6,9.9,19.0,61.0,42.1,0.0,999.9,0,281
2,2015,03,03,2015-03-03,28.2,11.9,1027.7,8.5,4.7,14.0,20.0,39.0,21.9,0.0,15.0,0,631
1,2024,03,04,2024-03-04,54.1,43.3,1026.7,10.0,4.7,8.9,15.0,68.0,48.0,0.0,999.9,0,252
6,2022,03,26,2022-03-26,50.0,32.5,998.8,9.9,4.7,11.1,17.1,60.1,44.1,0.02,999.9,0,288
1,2014,03,10,2014-03-10,42.3,18.9,1009.9,9.7,4.7,9.9,24.1,51.1,35.6,0.0,2.0,0,513
5,2015,03,06,2015-03-06,19.4,3.2,1030.9,8.7,4.7,9.9,17.1,39.9,12.0,0.52,13.0,0,939
2,2022,03,15,2022-03-15,53.6,30.5,1023.6,10.0,4.7,8.0,18.1,68.0,33.1,0.0,999.9,0,295
7,2018,03,11,2018-03-11,37.7,18.8,1017.2,10.0,4.7,8.0,17.1,45.0,30.9,0.0,999.9,0,465
4,2013,03,28,2013-03-28,43.3,27.8,1015.4,10.0,4.7,8.9,999.9,51.1,37.0,0.0,999.9,0,549
4,2019,03,21,2019-03-21,43.9,37.8,1021.0,7.3,4.7,12.0,18.1,53.1,37.0,0.02,999.9,0,624
6,2013,03,16,2013-03-16,37.3,24.1,1009.4,7.8,4.7,9.9,19.0,46.9,32.0,0.0,999.9,1,521
1,2022,03,14,2022-03-14,42.0,20.9,1027.3,10.0,4.7,8.9,18.1,55.9,21.9,0.0,999.9,0,311
5,2024,03,08,2024-03-08,47.2,28.8,1023.6,10.0,4.7,8.0,19.0,57.0,39.9,0.11,999.9,0,312
3,2021,03,31,2021-03-31,56.2,47.8,1020.2,9.2,4.8,8.0,17.1,66.9,42.1,0.0,999.9,0,284
3,2019,03,27,2019-03-27,39.7,9.7,1031.6,10.0,4.8,8.0,18.1,48.9,33.1,0.0,999.9,0,562
4,2013,03,21,2013-03-21,35.7,16.0,1007.2,9.8,4.8,8.9,999.9,43.0,30.9,0.0,999.9,0,508
1,2020,03,02,2020-03-02,46.6,25.3,1016.4,10.0,4.8,9.9,20.0,57.9,25.0,0.0,999.9,0,563
2,2022,03,01,2022-03-01,37.3,16.5,1022.3,10.0,4.8,13.0,20.0,46.0,26.1,0.0,999.9,0,248
3,2022,03,09,2022-03-09,37.7,25.6,1019.9,6.6,4.8,9.9,14.0,50.0,33.1,0.01,999.9,1,286
3,2013,03,27,2013-03-27,43.8,22.7,1011.8,10.0,4.8,8.9,14.0,51.1,36.0,0.0,999.9,0,441
5,2024,03,15,2024-03-15,61.8,42.4,1007.7,9.9,4.8,12.0,24.1,73.9,46.0,0.0,999.9,0,276
5,2018,03,23,2018-03-23,41.6,20.8,1015.2,10.0,4.8,8.9,18.1,50.0,32.0,0.06,7.9,0,732
3,2016,03,30,2016-03-30,44.5,15.4,1025.3,10.0,4.9,13.0,22.0,55.9,37.0,0.0,999.9,0,650
1,2020,03,30,2020-03-30,46.2,41.7,1013.0,9.3,4.9,14.0,18.1,52.0,41.0,0.03,999.9,0,164
2,2023,03,21,2023-03-21,50.5,15.4,1026.4,10.0,4.9,9.9,20.0,63.0,30.9,0.0,999.9,0,248
5,2013,03,01,2013-03-01,40.0,27.4,1004.1,10.0,4.9,9.9,15.9,45.0,36.0,0.0,999.9,0,603
3,2022,03,02,2022-03-02,45.8,28.4,1014.5,9.9,5.0,7.0,18.1,52.0,30.9,0.0,999.9,0,246
7,2022,03,20,2022-03-20,57.0,42.4,1007.5,9.8,5.0,9.9,25.1,69.1,51.1,0.05,999.9,0,259
7,2024,03,31,2024-03-31,53.5,35.0,1010.0,9.8,5.0,8.9,15.0,61.0,48.0,0.06,999.9,0,236
6,2016,03,05,2016-03-05,33.8,12.4,1020.7,10.0,5.1,8.9,17.1,41.0,28.0,0.04,999.9,0,601
6,2014,03,08,2014-03-08,42.8,26.9,1011.4,10.0,5.1,11.1,20.0,57.0,26.1,0.0,3.9,0,515
2,2015,03,31,2015-03-31,42.2,27.9,1010.2,9.5,5.1,9.9,22.9,54.0,36.0,0.0,999.9,0,628
2,2020,03,03,2020-03-03,53.9,42.3,1006.8,8.9,5.1,9.9,17.1,59.0,39.9,0.01,999.9,0,550
3,2020,03,11,2020-03-11,52.8,32.6,1017.6,10.0,5.1,9.9,22.0,64.9,43.0,0.0,999.9,0,473
5,2014,03,28,2014-03-28,48.0,33.7,1019.9,9.6,5.1,9.9,19.0,61.0,37.9,0.0,999.9,0,530
4,2020,03,05,2020-03-05,45.7,26.1,1016.9,10.0,5.2,8.9,18.1,55.9,39.0,0.0,999.9,0,529
6,2018,03,24,2018-03-24,42.0,18.7,1018.2,10.0,5.2,8.0,999.9,51.1,35.1,0.0,1.2,0,550
2,2020,03,31,2020-03-31,44.4,37.1,1015.9,9.3,5.2,9.9,17.1,52.0,41.0,0.1,999.9,0,158
7,2020,03,15,2020-03-15,47.0,20.9,1029.6,10.0,5.2,9.9,15.0,57.0,42.1,0.0,999.9,0,331
2,2017,03,28,2017-03-28,43.8,42.3,1014.3,4.8,5.2,9.9,999.9,53.1,37.0,0.37,999.9,0,592
6,2020,03,28,2020-03-28,49.8,31.3,1018.5,9.0,5.2,9.9,15.0,69.1,44.1,0.0,999.9,0,183
1,2023,03,06,2023-03-06,45.6,23.2,1019.7,10.0,5.3,8.9,18.1,53.1,37.9,0.0,999.9,0,257
3,2021,03,10,2021-03-10,48.0,29.0,1032.1,10.0,5.3,8.9,15.9,64.0,41.0,0.0,999.9,0,224
5,2016,03,11,2016-03-11,61.6,44.3,1017.0,9.7,5.3,8.9,17.1,79.0,55.0,0.06,999.9,0,672
1,2015,03,02,2015-03-02,32.4,19.1,1020.2,7.5,5.3,13.0,27.0,39.0,24.1,0.52,9.8,0,650
6,2015,03,21,2015-03-21,33.7,27.5,1016.4,4.8,5.3,13.0,19.0,45.0,28.4,0.4,999.9,0,507
4,2017,03,23,2017-03-23,30.2,0.9,1033.2,10.0,5.3,8.9,20.0,50.0,23.0,0.0,999.9,0,703
5,2021,03,26,2021-03-26,62.6,50.3,1008.0,7.0,5.3,15.9,32.1,82.0,48.9,0.2,999.9,0,336
1,2022,03,07,2022-03-07,67.2,52.2,1008.8,9.8,5.3,11.1,20.0,73.9,59.0,0.06,999.9,0,329
6,2018,03,31,2018-03-31,46.6,21.5,1021.1,10.0,5.4,12.0,22.0,62.1,39.0,0.03,999.9,0,589
3,2015,03,04,2015-03-04,38.5,33.0,1010.3,5.4,5.4,8.9,21.0,45.0,30.9,0.68,14.2,0,574
3,2017,03,08,2017-03-08,54.2,36.7,1014.8,9.9,5.4,13.0,21.0,59.0,42.1,0.12,999.9,0,609
4,2015,03,05,2015-03-05,30.3,27.2,1015.8,2.2,5.4,9.9,15.9,43.0,19.4,0.48,13.0,1,830
6,2024,03,23,2024-03-23,43.2,37.6,1016.7,5.2,5.5,14.0,27.0,50.0,28.9,0.44,999.9,1,230
6,2017,03,25,2017-03-25,54.1,36.9,1021.1,9.8,5.5,11.1,18.1,62.1,36.0,0.0,999.9,0,571
1,2015,03,23,2015-03-23,30.3,4.3,1022.6,10.0,5.5,9.9,17.1,43.0,23.0,0.0,999.9,0,586
1,2018,03,26,2018-03-26,40.6,20.3,1037.5,10.0,5.5,8.9,22.9,50.0,33.1,0.0,999.9,0,710
4,2015,03,19,2015-03-19,34.0,5.1,1024.5,10.0,5.5,8.9,18.1,43.0,28.9,0.0,999.9,0,582
1,2013,03,11,2013-03-11,44.7,38.2,1023.9,9.5,5.5,11.1,20.0,53.1,37.9,0.0,999.9,0,522
5,2015,03,13,2015-03-13,37.6,4.8,1035.4,10.0,5.6,8.9,15.9,46.9,30.9,0.0,3.9,0,609
7,2018,03,18,2018-03-18,36.2,5.8,1012.0,10.0,5.6,13.0,22.9,48.0,27.0,0.0,999.9,0,526
7,2024,03,17,2024-03-17,55.8,31.9,1002.5,10.0,5.6,11.1,27.0,63.0,46.9,0.0,999.9,0,250
7,2014,03,09,2014-03-09,41.4,18.9,1013.9,9.6,5.6,9.9,18.1,57.0,35.1,0.0,3.1,0,404
6,2014,03,22,2014-03-22,49.9,25.2,1012.5,10.0,5.6,11.1,22.0,63.0,39.0,0.0,999.9,0,493
3,2017,03,29,2017-03-29,48.4,37.0,1017.1,8.6,5.6,11.1,18.1,60.1,41.0,0.6,999.9,0,672
4,2022,03,17,2022-03-17,48.9,45.2,1018.2,4.1,5.7,11.1,15.9,66.9,45.0,0.0,999.9,1,279
1,2014,03,03,2014-03-03,25.3,7.2,1019.9,8.7,5.7,12.0,20.0,39.9,19.0,0.04,5.1,0,440
3,2022,03,23,2022-03-23,44.7,16.8,1023.4,10.0,5.7,8.0,15.9,57.9,39.9,0.0,999.9,0,273
1,2024,03,18,2024-03-18,47.2,21.2,1005.5,10.0,5.7,13.0,25.1,63.0,43.0,0.0,999.9,0,257
2,2014,03,18,2014-03-18,33.9,7.3,1022.9,10.0,5.7,12.0,19.0,43.0,23.0,0.0,999.9,0,551
5,2013,03,29,2013-03-29,46.7,26.4,1019.3,10.0,5.7,12.0,21.0,55.0,39.9,0.0,999.9,0,520
7,2019,03,17,2019-03-17,39.1,12.2,1021.0,10.0,5.7,8.0,19.0,57.9,34.0,0.0,999.9,0,419
7,2023,03,26,2023-03-26,50.8,32.7,1010.7,7.5,5.7,9.9,22.0,63.0,42.1,0.15,999.9,0,284
7,2013,03,24,2013-03-24,39.1,18.2,1011.1,10.0,5.7,12.0,18.1,46.9,33.1,0.0,999.9,0,451
5,2022,03,04,2022-03-04,27.7,2.6,1031.6,10.0,5.7,11.1,19.0,48.0,21.0,0.0,999.9,0,328
7,2020,03,08,2020-03-08,44.4,13.6,1029.2,10.0,5.7,11.1,19.0,59.0,35.1,0.0,999.9,0,408
4,2018,03,08,2018-03-08,35.7,28.0,1005.2,9.3,5.8,11.1,18.1,39.0,33.1,1.3,999.9,0,633
2,2020,03,24,2020-03-24,42.9,32.5,1018.5,10.0,5.8,9.9,18.1,55.0,36.0,1.15,999.9,0,201
6,2016,03,26,2016-03-26,46.3,30.2,1023.1,10.0,5.8,11.1,17.1,72.0,37.9,0.04,999.9,0,530
4,2016,03,03,2016-03-03,30.3,5.8,1021.7,10.0,5.8,11.1,20.0,36.0,26.1,0.0,999.9,0,625
3,2013,03,13,2013-03-13,45.0,29.9,1010.4,10.0,5.8,8.9,19.0,53.1,39.9,0.71,999.9,0,636
7,2014,03,23,2014-03-23,40.9,17.7,1016.2,10.0,5.8,9.9,20.0,63.0,35.1,0.0,999.9,0,427
6,2015,03,07,2015-03-07,26.1,8.7,1024.0,9.8,5.8,11.1,21.0,37.9,12.0,0.0,18.9,0,578
6,2024,03,09,2024-03-09,43.3,35.1,1021.8,8.4,5.8,9.9,20.0,57.0,39.9,0.0,999.9,0,271
5,2015,03,20,2015-03-20,34.5,12.3,1025.9,6.7,5.8,12.0,18.1,43.0,28.9,0.0,999.9,1,570
7,2015,03,29,2015-03-29,33.4,6.3,1021.9,9.7,5.8,9.9,18.1,46.0,25.0,0.0,999.9,0,505
7,2021,03,07,2021-03-07,32.7,10.8,1024.9,10.0,5.9,12.0,18.1,41.0,28.9,0.0,999.9,0,216
6,2013,03,09,2013-03-09,43.7,22.1,1023.2,10.0,5.9,8.9,18.1,55.0,35.1,0.4,2.0,0,569
3,2016,03,23,2016-03-23,57.0,30.0,1014.3,10.0,5.9,9.9,22.0,71.1,48.0,0.0,999.9,0,621
6,2013,03,02,2013-03-02,36.7,22.8,1007.3,10.0,5.9,9.9,15.9,39.9,34.0,0.0,999.9,0,474
5,2017,03,10,2017-03-10,39.2,23.9,1012.2,7.2,5.9,9.9,19.0,53.1,32.0,0.0,999.9,1,612
1,2021,03,01,2021-03-01,43.4,36.5,1007.6,5.6,5.9,13.0,26.0,48.9,39.9,0.36,999.9,0,224
6,2023,03,18,2023-03-18,50.0,28.4,1004.6,9.8,6.0,9.9,18.1,60.1,43.0,0.02,999.9,0,233
5,2020,03,06,2020-03-06,41.8,34.1,1013.8,8.7,6.0,11.1,20.0,51.1,37.0,0.0,999.9,0,673
5,2021,03,12,2021-03-12,63.1,32.2,1017.7,10.0,6.0,9.9,20.0,71.1,44.1,0.0,999.9,0,338
3,2021,03,03,2021-03-03,39.4,13.8,1013.7,10.0,6.0,11.1,19.0,52.0,21.0,0.0,999.9,0,244
5,2014,03,14,2014-03-14,30.5,5.2,1019.6,10.0,6.1,13.0,26.0,46.0,18.0,0.0,999.9,0,585
7,2017,03,05,2017-03-05,22.8,-8.1,1035.9,10.0,6.1,12.0,22.9,37.0,14.0,0.0,999.9,0,489
5,2017,03,17,2017-03-17,36.3,12.6,1021.9,10.0,6.1,9.9,18.1,46.9,24.1,0.0,5.1,0,756
1,2016,03,07,2016-03-07,45.2,27.0,1022.2,9.0,6.1,13.0,26.0,60.1,32.0,0.0,999.9,0,571
4,2016,03,31,2016-03-31,58.4,39.0,1016.1,10.0,6.1,11.1,22.0,72.0,46.9,0.0,999.9,0,652
1,2018,03,05,2018-03-05,37.0,21.5,1017.5,10.0,6.1,9.9,20.0,44.1,33.1,0.0,999.9,0,616
2,2022,03,22,2022-03-22,51.6,14.5,1020.2,10.0,6.1,11.1,18.1,62.1,43.0,0.0,999.9,0,290
5,2016,03,04,2016-03-04,33.4,21.2,1019.5,6.5,6.2,11.1,19.0,39.0,26.1,0.07,999.9,0,685
3,2014,03,19,2014-03-19,36.9,27.1,1023.5,9.4,6.2,9.9,17.1,44.1,28.0,0.0,999.9,0,525
6,2017,03,18,2017-03-18,36.3,22.5,1022.5,8.7,6.3,14.0,20.0,46.9,28.9,0.0,3.9,0,504
7,2023,03,05,2023-03-05,43.7,28.4,1018.2,10.0,6.3,13.0,21.0,53.1,37.9,0.02,999.9,0,264
1,2023,03,13,2023-03-13,41.2,36.5,1012.8,6.1,6.3,12.0,22.9,48.0,34.0,0.04,999.9,0,317
4,2017,03,30,2017-03-30,44.3,23.1,1022.8,10.0,6.3,14.0,20.0,60.1,37.9,0.0,999.9,0,639
5,2018,03,09,2018-03-09,35.3,21.7,1006.3,10.0,6.3,12.0,22.0,42.1,30.0,0.0,3.1,0,751
1,2014,03,24,2014-03-24,28.0,2.8,1021.4,10.0,6.3,9.9,18.1,42.1,21.0,0.0,999.9,0,547
6,2015,03,28,2015-03-28,37.2,21.1,1009.7,9.8,6.3,11.1,19.0,46.0,33.1,0.27,999.9,0,459
1,2016,03,21,2016-03-21,38.6,22.4,1009.7,6.7,6.4,14.0,27.0,50.0,32.0,0.13,999.9,0,617
2,2024,03,26,2024-03-26,45.4,27.2,1023.9,10.0,6.4,12.0,21.0,53.1,35.1,0.0,999.9,0,241
4,2023,03,16,2023-03-16,43.2,13.2,1015.9,10.0,6.4,12.0,21.0,59.0,34.0,0.0,999.9,0,252
2,2020,03,10,2020-03-10,60.7,36.9,1019.2,10.0,6.4,12.0,21.0,72.0,46.9,0.0,999.9,0,450
7,2020,03,01,2020-03-01,32.0,10.1,1019.0,10.0,6.5,9.9,20.0,44.1,25.0,0.0,999.9,0,423
5,2017,03,31,2017-03-31,40.4,35.9,1018.1,5.0,6.5,13.0,25.1,52.0,37.9,0.33,999.9,0,753
2,2016,03,01,2016-03-01,45.6,23.4,1017.0,10.0,6.5,9.9,21.0,61.0,39.0,0.05,999.9,0,662
5,2017,03,03,2017-03-03,34.5,8.9,1021.6,10.0,6.5,9.9,22.0,39.9,30.0,0.0,999.9,0,745
1,2013,03,25,2013-03-25,38.3,27.7,1003.1,8.9,6.5,20.0,28.0,41.0,36.0,0.0,999.9,0,498
1,2018,03,12,2018-03-12,37.8,24.4,1015.3,10.0,6.6,12.0,19.0,45.0,32.0,0.0,999.9,0,679
2,2021,03,09,2021-03-09,50.2,17.4,1026.5,10.0,6.6,11.1,19.0,63.0,42.1,0.0,999.9,0,299
2,2019,03,26,2019-03-26,42.1,5.1,1022.6,10.0,6.6,9.9,18.1,55.9,33.1,0.0,999.9,0,610
6,2020,03,14,2020-03-14,49.8,19.5,1023.5,10.0,6.6,11.1,22.9,61.0,43.0,0.11,999.9,0,371
6,2014,03,15,2014-03-15,49.9,24.2,1010.0,10.0,6.6,13.0,26.0,57.9,41.0,0.0,999.9,0,519
4,2014,03,20,2014-03-20,45.6,34.5,1008.2,6.6,6.6,14.0,24.1,54.0,32.0,0.92,999.9,0,628
7,2013,03,03,2013-03-03,32.6,18.7,1006.2,9.0,6.6,9.9,17.1,39.9,28.9,0.0,999.9,0,502
2,2013,03,12,2013-03-12,50.3,47.3,1015.2,6.9,6.6,14.0,28.9,57.0,48.0,0.08,999.9,0,547
2,2016,03,22,2016-03-22,43.2,17.8,1018.6,10.0,6.6,15.9,28.9,55.0,35.1,0.06,999.9,0,628
5,2013,03,08,2013-03-08,34.0,30.2,1017.5,3.6,6.6,13.0,22.9,41.0,30.9,0.33,999.9,1,851
6,2021,03,27,2021-03-27,58.0,37.7,1018.1,10.0,6.6,14.0,28.0,82.0,50.0,0.19,999.9,0,325
6,2014,03,29,2014-03-29,50.7,42.9,1018.8,7.5,6.6,15.0,21.0,62.1,37.0,0.04,999.9,0,569
1,2015,03,30,2015-03-30,43.3,20.5,1013.4,9.8,6.6,14.0,25.1,54.0,25.0,0.0,999.9,0,556
4,2014,03,27,2014-03-27,30.5,6.5,1026.3,10.0,6.7,15.9,26.0,44.1,21.9,0.0,999.9,0,538
6,2023,03,11,2023-03-11,40.4,34.7,1006.6,7.1,6.7,11.1,19.0,46.0,35.1,0.58,999.9,0,245
1,2020,03,09,2020-03-09,57.2,22.3,1026.6,10.0,6.7,14.0,24.1,72.0,35.1,0.0,999.9,0,546
1,2016,03,28,2016-03-28,47.2,38.4,1010.5,6.7,6.7,12.0,29.9,62.1,42.1,0.14,999.9,0,658
6,2020,03,07,2020-03-07,40.2,21.9,1018.9,10.0,6.8,13.0,22.0,48.0,36.0,0.37,999.9,0,515
4,2018,03,22,2018-03-22,37.7,26.9,1008.5,5.0,6.8,13.0,20.0,50.0,30.9,1.04,999.9,0,760
4,2023,03,09,2023-03-09,40.6,24.1,1021.2,10.0,6.8,12.0,19.0,51.1,30.9,0.0,999.9,0,297
5,2014,03,07,2014-03-07,30.2,17.9,1026.9,10.0,6.8,11.1,19.0,37.0,16.0,0.0,3.9,0,533
4,2021,03,04,2021-03-04,41.8,21.3,1009.8,10.0,6.8,15.9,29.9,52.0,32.0,0.0,999.9,0,262
7,2018,03,25,2018-03-25,39.5,21.7,1025.8,10.0,6.9,14.0,24.1,51.1,33.1,0.0,999.9,0,491
2,2024,03,12,2024-03-12,52.7,20.4,1009.5,10.0,6.9,11.1,21.0,66.0,35.1,0.0,999.9,0,268
2,2015,03,17,2015-03-17,49.7,31.1,1004.9,9.5,6.9,17.1,35.9,57.0,35.1,0.01,999.9,0,528
6,2022,03,12,2022-03-12,39.8,34.4,1002.0,7.0,7.1,18.1,32.1,55.0,24.1,0.01,999.9,0,253
5,2016,03,18,2016-03-18,52.0,26.2,1009.2,10.0,7.1,17.1,35.0,63.0,45.0,0.0,999.9,0,644
2,2018,03,20,2018-03-20,35.0,8.8,1013.2,10.0,7.1,11.1,20.0,46.9,30.0,0.0,999.9,0,597
7,2015,03,22,2015-03-22,39.1,16.9,1015.9,9.7,7.2,12.0,22.0,46.9,28.9,0.0,5.1,0,432
1,2024,03,25,2024-03-25,41.9,20.1,1030.0,10.0,7.2,20.0,31.1,53.1,30.9,0.0,999.9,0,287
6,2023,03,04,2023-03-04,41.5,36.0,1001.2,7.4,7.2,18.1,29.9,46.9,37.0,1.12,999.9,0,270
4,2023,03,30,2023-03-30,39.4,17.1,1022.8,10.0,7.2,12.0,21.0,55.0,30.9,0.01,999.9,0,293
3,2013,03,20,2013-03-20,38.5,18.9,1010.0,10.0,7.2,12.0,24.1,45.0,32.0,0.2,2.0,0,540
2,2013,03,05,2013-03-05,37.9,20.6,1014.2,10.0,7.2,13.0,24.1,48.9,30.9,0.0,999.9,0,527
5,2013,03,15,2013-03-15,36.1,13.5,1011.9,10.0,7.3,11.1,26.0,46.9,30.0,0.0,999.9,0,607
7,2014,03,16,2014-03-16,37.0,10.4,1019.5,10.0,7.3,15.0,24.1,57.9,30.0,0.0,999.9,0,412
7,2024,03,24,2024-03-24,38.7,17.0,1021.4,10.0,7.3,13.0,28.0,50.0,30.9,3.22,999.9,0,279
5,2020,03,13,2020-03-13,54.0,43.3,1011.9,6.9,7.3,17.1,26.0,69.1,45.0,0.18,999.9,0,551
6,2021,03,13,2021-03-13,45.2,9.7,1021.5,10.0,7.4,15.9,28.0,68.0,33.1,0.0,999.9,0,252
6,2020,03,21,2020-03-21,52.8,27.8,1021.5,10.0,7.4,14.0,24.1,77.0,42.1,0.0,999.9,0,238
6,2023,03,25,2023-03-25,45.1,32.4,1016.9,8.0,7.4,12.0,25.1,55.0,42.1,0.0,999.9,0,226
5,2013,03,22,2013-03-22,34.0,13.9,1007.8,10.0,7.5,12.0,22.0,41.0,28.0,0.0,999.9,0,604
4,2022,03,03,2022-03-03,41.6,21.2,1015.1,9.7,7.5,15.0,24.1,52.0,33.1,0.03,999.9,0,318
1,2014,03,17,2014-03-17,28.9,2.5,1019.0,10.0,7.5,12.0,20.0,42.1,23.0,0.0,999.9,0,519
2,2018,03,13,2018-03-13,35.8,29.6,1004.3,6.2,7.5,13.0,22.0,43.0,32.0,0.29,999.9,1,578
1,2013,03,18,2013-03-18,32.1,14.1,1026.9,8.6,7.5,13.0,21.0,36.0,28.0,0.0,999.9,1,623
1,2020,03,16,2020-03-16,40.1,15.3,1034.2,10.0,7.6,13.0,18.1,54.0,33.1,0.0,999.9,0,378
4,2015,03,12,2015-03-12,45.1,11.0,1025.7,10.0,7.7,15.0,25.1,59.0,39.9,0.01,5.9,0,586
6,2018,03,10,2018-03-10,35.7,19.9,1012.3,10.0,7.7,12.0,22.0,42.1,30.0,0.0,2.0,0,567
2,2024,03,19,2024-03-19,40.7,16.9,1007.0,10.0,7.7,9.9,25.1,51.1,36.0,0.0,999.9,0,201
2,2016,03,15,2016-03-15,48.0,41.5,1009.9,8.3,7.7,17.1,31.1,57.0,39.9,0.27,999.9,0,608
4,2017,03,16,2017-03-16,29.7,9.8,1012.9,10.0,7.7,14.0,31.1,39.0,19.9,0.0,5.9,0,839
7,2017,03,26,2017-03-26,40.3,34.5,1029.8,9.4,7.8,13.0,20.0,45.0,37.0,0.15,999.9,0,456