"","day","year","mo","da","collision_date","temp","dewp","slp","visib","wdsp","mxpsd","gust","max","min","prcp","sndp","fog","NUM_COLLISIONS","day_month"
"1",5,2021,"1",13,2021-01-13,38.9,22.9,1016.8,8.9,3,8,17.1,44.1,33.1,0,0,0,245,"13-01"
"2",6,2024,"1",25,2024-01-25,51.8,48,1020.9,5.2,3.3,7,14,59,37.9,0.19,0,0,252,"25-01"
"3",1,2024,"1",27,2024-01-27,45.3,38.9,1021.3,8.3,3.3,9.9,32.1,48.9,42.1,0.03,0,0,243,"27-01"
"4",3,2022,"1",31,2022-01-31,25,5.6,1025.3,10,3.5,6,14,30.9,12,0,7.1,0,312,"31-01"
"5",7,2022,"1",28,2022-01-28,30.6,17.8,1021.2,6.6,3.7,8,17.1,32,17.1,0,0,0,283,"28-01"
"6",7,2020,"1",3,2020-01-03,46.6,38.6,1009.7,8.1,3.7,6,15,48.9,33.1,0.06,0,0,456,"03-01"
"7",5,2024,"1",31,2024-01-31,36.6,29,1020.4,9.5,3.8,8,15,39.9,33.8,0,0,0,244,"31-01"
"8",6,2021,"1",21,2021-01-21,32.3,14.3,1010.8,10,3.9,9.9,20,43,25,0.02,0,0,251,"21-01"
"9",5,2020,"1",15,2020-01-15,45.2,35.4,1020.8,7.2,4,9.9,17.1,50,39,0.07,0,0,508,"15-01"
"10",4,2024,"1",9,2024-01-09,41.7,31.2,1024.4,8.5,4,13,29.9,51.1,36,0,0,0,279,"09-01"
"11",1,2020,"1",18,2020-01-18,23.9,6.5,1034.3,7.6,4,12,22,34,19.9,0,0,1,774,"18-01"
"12",4,2020,"1",21,2020-01-21,25.1,5,1029.7,10,4.1,8,15,33.1,19.9,0,0,0,556,"21-01"
"13",2,2021,"1",10,2021-01-10,34.1,16.8,1019.9,10,4.1,8.9,15.9,41,24.1,0,0,0,177,"10-01"
"14",2,2022,"1",2,2022-01-02,53.2,50.6,1002.9,5.8,4.1,8.9,19,59,46,0.83,0,0,180,"02-01"
"15",6,2023,"1",12,2023-01-12,42.1,35.4,1020.7,9.4,4.2,8.9,15,54,35.1,0.01,0,0,280,"12-01"
"16",6,2020,"1",30,2020-01-30,31.3,14.3,1024.8,10,4.2,8,15,37.9,25,0,0,0,525,"30-01"
"17",5,2022,"1",5,2022-01-05,37.5,29.1,1018.3,8.5,4.2,12,20,46.9,19,0.03,0,0,306,"05-01"
"18",1,2024,"1",6,2024-01-06,34.2,21.5,1021.5,8.3,4.2,11.1,19,37.9,26.1,0,0,1,234,"06-01"
"19",7,2023,"1",6,2023-01-06,45.1,40.4,1014.8,6.9,4.3,8,14,50,42.1,0.26,0,0,234,"06-01"
"20",2,2023,"1",29,2023-01-29,48.8,29.2,1023.7,10,4.3,8.9,17.1,53.1,36,0,0,0,215,"29-01"
"21",6,2023,"1",19,2023-01-19,42.7,34.6,1015,7.5,4.3,8.9,15.9,53.1,39.9,0.54,0,0,298,"19-01"
"22",5,2023,"1",25,2023-01-25,38.4,25.9,1024,8.7,4.4,8.9,17.1,46,35.1,0,0,0,256,"25-01"
"23",4,2024,"1",30,2024-01-30,36.3,24.5,1021.1,10,4.4,8.9,22.9,39.9,35.1,0.05,0,0,205,"30-01"
"24",3,2023,"1",9,2023-01-09,39.6,27.7,1015.6,9.4,4.5,8.9,15,44.1,33.1,0.01,0,0,242,"09-01"
"25",4,2020,"1",7,2020-01-07,41.2,20.3,1016.2,10,4.6,8.9,19,45,32,0,0,0,408,"07-01"
"26",5,2022,"1",19,2022-01-19,37.4,19.8,1018.6,10,4.7,8.9,22.9,48.9,28,0,0,0,255,"19-01"
"27",5,2022,"1",12,2022-01-12,27.9,9.5,1025,10,4.7,12,21,39.9,15.1,0,0,0,250,"12-01"
"28",1,2020,"1",11,2020-01-11,59.3,48.1,1024.9,10,4.8,7,19,68,51.1,0,0,0,439,"11-01"
"29",2,2021,"1",31,2021-01-31,23.7,9.1,1025.9,9.3,4.8,7,14,32,17.1,0,0,0,297,"31-01"
"30",2,2023,"1",1,2023-01-01,52.4,43.7,1011.6,8.1,4.8,8.9,15,55,50,0.28,0,0,275,"01-01"
"31",4,2022,"1",25,2022-01-25,37.3,24.3,1012.6,9,4.9,8.9,15,42.1,26.1,0,0,0,235,"25-01"
"32",6,2020,"1",9,2020-01-09,28.2,6.2,1035.6,10,4.9,12,21,42.1,23,0,0,0,521,"09-01"
"33",3,2021,"1",25,2021-01-25,29,9,1019.6,10,5,11.1,17.1,37,21.9,0,0,0,260,"25-01"
"34",6,2024,"1",4,2024-01-04,40,23.8,1014.8,10,5.2,15,22.9,45,34,0,0,0,219,"04-01"
"35",1,2022,"1",22,2022-01-22,20.5,3.4,1029.3,10,5.2,11.1,17.1,28.9,12.9,0,0,0,267,"22-01"
"36",6,2020,"1",2,2020-01-02,39.6,22.4,1013.2,10,5.2,9.9,17.1,48.9,33.1,0,0,0,413,"02-01"
"37",7,2024,"1",26,2024-01-26,45.2,41.6,1019,6.3,5.2,11.1,33,59,42.1,0.25,0,0,267,"26-01"
"38",7,2020,"1",10,2020-01-10,41.4,29.3,1035.4,10,5.2,8.9,15.9,55,23,0,0,0,522,"10-01"
"39",3,2024,"1",15,2024-01-15,26.9,3.5,1022.4,10,5.3,8,15.9,44.1,23,0,0,0,197,"15-01"
"40",1,2023,"1",21,2023-01-21,40,25.8,1017.3,10,5.3,12,19,48.9,37.9,0,0,0,230,"21-01"
"41",2,2022,"1",23,2022-01-23,29.1,7.8,1014.3,10,5.3,9.9,18.1,37,12.9,0,0,0,229,"23-01"
"42",3,2021,"1",4,2021-01-04,37.7,32.1,1014.5,9.2,5.3,11.1,18.1,43,34,0.24,0,0,242,"04-01"
"43",5,2023,"1",11,2023-01-11,37.8,22.4,1022.2,10,5.4,8.9,15.9,41,35.1,0,0,0,216,"11-01"
"44",3,2020,"1",6,2020-01-06,37.3,25.2,1014.3,8.9,5.4,11.1,20,45,32,0.04,0,0,459,"06-01"
"45",5,2021,"1",27,2021-01-27,34.3,27.2,1014.4,7.4,5.4,11.1,20,37,30.9,0.1,0,0,262,"27-01"
"46",7,2023,"1",27,2023-01-27,39.2,24,1016.3,10,5.4,11.1,22,57,35.1,0.44,0,0,235,"27-01"
"47",7,2023,"1",20,2023-01-20,43.4,36.1,1003.9,8.5,5.5,13,22.9,48.9,39.9,0.33,0,0,235,"20-01"
"48",3,2024,"1",22,2024-01-22,29.2,10.9,1032.9,10,5.5,9.9,22,37.9,19.9,0,1.2,0,244,"22-01"
"49",7,2024,"1",19,2024-01-19,30.6,17.2,1013.4,7.2,5.5,18.1,29.9,34,21.9,0,1.2,0,252,"19-01"
"50",4,2024,"1",23,2024-01-23,36.6,21.6,1031.5,9.4,5.6,9.9,18.1,39.9,25,0,1.2,0,225,"23-01"
"51",4,2021,"1",19,2021-01-19,37.8,23.4,1015.9,10,5.7,12,22,45,35.1,0,0,0,261,"19-01"
"52",5,2021,"1",20,2021-01-20,36.6,19.2,1014.4,9.5,5.7,13,22.9,43,30.9,0,0,0,253,"20-01"
"53",7,2021,"1",22,2021-01-22,40.9,21.7,1004.6,10,5.7,12,25.1,45,25,0,0,0,254,"22-01"
"54",4,2022,"1",4,2022-01-04,25.3,8.7,1027.2,10,5.7,9.9,18.1,37,19,0,0,0,255,"04-01"
"55",7,2021,"1",15,2021-01-15,41.2,34.4,1013.3,7,5.7,12,17.1,48.9,37.9,0,0,0,272,"15-01"
"56",5,2022,"1",26,2022-01-26,25.6,4.1,1025,10,5.8,11.1,20,42.1,19.9,0,0,0,266,"26-01"
"57",3,2024,"1",8,2024-01-08,39.1,23.9,1022.7,9.6,5.8,11.1,20,45,34,0.11,0,0,236,"08-01"
"58",6,2024,"1",11,2024-01-11,44,25.5,1008.3,10,5.8,9.9,19,57,41,0.22,0,0,290,"11-01"
"59",3,2024,"1",29,2024-01-29,37.8,31.6,1008.6,8.9,5.9,11.1,28,44.1,37,0.46,0,0,257,"29-01"
"60",7,2024,"1",12,2024-01-12,44.5,28.4,1018.6,10,5.9,14,28,50,39.9,0,0,0,299,"12-01"
"61",4,2021,"1",26,2021-01-26,33.3,19.7,1017,7.5,6,11.1,17.1,37,23,0,0,0,263,"26-01"
"62",7,2023,"1",13,2023-01-13,52,46.8,1002.3,8.2,6,11.1,20,57,37,0.38,0,0,299,"13-01"
"63",1,2021,"1",9,2021-01-09,30.7,14.9,1011.6,10,6,13,24.1,37,24.1,0,0,0,244,"09-01"
"64",3,2021,"1",18,2021-01-18,41.3,25.6,1006.3,10,6.1,9.9,18.1,45,35.1,0,0,0,225,"18-01"
"65",1,2023,"1",28,2023-01-28,42.7,21.7,1022.7,10,6.1,11.1,28,52,35.1,0,0,0,260,"28-01"
"66",5,2023,"1",18,2023-01-18,47.5,32.2,1006.7,9.8,6.1,13,22,53.1,35.1,0.05,0,0,258,"18-01"
"67",6,2022,"1",6,2022-01-06,38.7,23.9,1009.8,10,6.1,9.9,18.1,46.9,30.9,0.2,0,0,233,"06-01"
"68",2,2022,"1",9,2022-01-09,34,21.3,1027.4,9.7,6.2,12,19,39,19.9,0,3.1,0,234,"09-01"
"69",1,2021,"1",2,2021-01-02,41.5,35.3,1012.8,5.9,6.2,9.9,21,51.1,33.1,0.67,0,0,220,"02-01"
"70",3,2023,"1",23,2023-01-23,37.8,34.8,1003.8,5.3,6.2,14,24.1,42.1,36,0.75,0,0,254,"23-01"
"71",1,2022,"1",15,2022-01-15,18.2,1,1021.2,10,6.3,9.9,20,43,10,0,0,0,236,"15-01"
"72",6,2022,"1",20,2022-01-20,38.8,26,1017.9,7.7,6.3,12,20,48.9,28,0.15,0,0,246,"20-01"
"73",1,2022,"1",8,2022-01-08,25.2,7,1030.1,10,6.3,11.1,21,34,19.9,0.03,5.9,0,236,"08-01"
"74",6,2024,"1",18,2024-01-18,26,5.7,1020.1,9.5,6.4,13,20,33.1,17.1,0,1.2,0,226,"18-01"
"75",5,2021,"1",6,2021-01-06,37.4,26.5,1014.4,10,6.4,15,22,42.1,35.1,0,0,0,220,"06-01"
"76",5,2020,"1",29,2020-01-29,36.5,17.4,1016.2,10,6.4,12,21,41,32,0,0,0,495,"29-01"
"77",4,2023,"1",24,2023-01-24,38.9,23.5,1018.2,10,6.4,13,24.1,46,35.1,0.17,0,0,235,"24-01"
"78",7,2022,"1",14,2022-01-14,39.4,29.6,1009.4,10,6.4,13,22.9,48,32,0,0,0,289,"14-01"
"79",4,2024,"1",16,2024-01-16,27.9,22.2,1014.6,3.6,6.5,17.1,31.1,32,23,0.13,0,0,276,"16-01"
"80",2,2022,"1",16,2022-01-16,17.3,4.5,1027.3,9.7,6.7,14,20,32,10,0,0,0,266,"16-01"
"81",2,2021,"1",3,2021-01-03,36.6,29.9,1018,8.4,6.7,12,22,51.1,34,0.05,0,0,186,"03-01"
"82",2,2024,"1",28,2024-01-28,41,36.3,1011,6.4,6.9,21,40,48.9,37.9,0.41,0,0,251,"28-01"
"83",7,2022,"1",7,2022-01-07,31.1,20.1,1011.9,6.1,6.9,11.1,22.9,41,27,0.35,0,1,296,"07-01"
"84",7,2022,"1",21,2022-01-21,19.3,0.3,1031.9,10,6.9,11.1,21,28.9,14,0.15,0,0,288,"21-01"
"85",4,2022,"1",11,2022-01-11,19.6,0.1,1028.9,9.7,7.2,12,22,39.9,15.1,0,0,0,257,"11-01"
"86",4,2020,"1",28,2020-01-28,39.8,24.8,1008.5,10,7.2,9.9,21,45,37,0,0,0,404,"28-01"
"87",5,2020,"1",8,2020-01-08,36,23.7,1013.5,9.5,7.2,15,27,45,32,0,0,0,454,"08-01"
"88",6,2021,"1",28,2021-01-28,30,13.2,1018.1,10,7.2,17.1,32.1,37,25,0,0,0,262,"28-01"
"89",6,2021,"1",7,2021-01-07,35.3,20.6,1018,10,7.2,11.1,18.1,41,30.9,0,0,0,285,"07-01"
"90",1,2021,"1",16,2021-01-16,43.1,37.9,1001.4,8.2,7.2,19,26,46.9,37.9,1.16,0,0,265,"16-01"
"91",3,2020,"1",20,2020-01-20,26.5,5.6,1021.1,10,7.3,11.1,25.1,43,19.9,0,1.2,0,390,"20-01"
"92",3,2023,"1",16,2023-01-16,35.5,10.3,1013.1,10,7.3,13,21,48,28,0,0,0,217,"16-01"
"93",5,2024,"1",17,2024-01-17,22,6.1,1013.4,10,7.4,9.9,27,32,17.1,0.19,1.2,0,254,"17-01"
"94",7,2024,"1",5,2024-01-05,31.2,12.7,1023.8,10,7.4,13,20,45,26.1,0,0,0,249,"05-01"
"95",6,2020,"1",16,2020-01-16,45,33.2,1014.6,7.8,7.4,15.9,34,50,37.9,0.11,0,0,547,"16-01"
"96",2,2020,"1",19,2020-01-19,38.5,28.7,1007.8,8.9,7.5,12,22.9,42.1,35.1,0.37,0,0,360,"19-01"
"97",1,2021,"1",30,2021-01-30,22.1,3.3,1024.4,10,7.6,14,19,32,14,0,0,0,284,"30-01"
"98",2,2024,"1",14,2024-01-14,36.3,15.5,1009.3,10,7.6,15.9,32.1,43,30.9,0.81,0,0,216,"14-01"
"99",1,2023,"1",14,2023-01-14,35.6,24.2,1008.5,9.3,7.7,12,22,39.9,32,0.09,0,0,248,"14-01"
"100",2,2021,"1",17,2021-01-17,39.3,24.6,1001,10,7.7,12,26,46.9,35.1,0.78,0,0,210,"17-01"
"101",2,2024,"1",7,2024-01-07,36.2,32.6,1003.6,5.9,7.7,15,29.9,37.9,30.9,0.54,0,0,182,"07-01"
"102",3,2022,"1",10,2022-01-10,32.7,17.6,1018.4,9.3,7.7,17.1,27,39.9,27,0.1,3.1,0,265,"10-01"
"103",2,2020,"1",12,2020-01-12,63.1,48.6,1016.1,9.8,7.8,15,27,69.1,51.1,0.05,0,0,391,"12-01"
"104",5,2020,"1",1,2020-01-01,39,23.9,1006,10,7.9,12,21,45,36,0.02,0,0,346,"01-01"
"105",2,2022,"1",30,2022-01-30,17.1,-1,1013.3,10,7.9,15,24.1,28.9,12,0.32,5.9,0,224,"30-01"
"106",6,2023,"1",26,2023-01-26,47.7,37.9,1002.3,7.9,8.2,15,25.1,57,35.1,1.34,0,1,256,"26-01"
"107",1,2024,"1",13,2024-01-13,50.7,41.2,995.9,8.1,8.3,13,25.1,60.1,39.9,0.89,0,0,254,"13-01"
"108",2,2023,"1",15,2023-01-15,33.9,18.4,1014.7,10,8.4,14,26,41,30,0,0,0,193,"15-01"
"109",3,2022,"1",3,2022-01-03,32,16.4,1018,10,8.5,14,26,39.9,26.1,0.04,0,0,208,"03-01"
"110",5,2024,"1",10,2024-01-10,51.5,40.1,991.2,7.8,8.6,15,28.9,57,36,1.95,0,1,230,"10-01"
"111",1,2024,"1",20,2024-01-20,22.4,7,1013.2,10,8.7,14,27,32,18,0.04,1.2,0,209,"20-01"
"112",4,2022,"1",18,2022-01-18,33.5,15.9,1006.3,10,8.9,13,25.1,44.1,30,0.03,0,0,258,"18-01"
"113",2,2024,"1",21,2024-01-21,23.7,6.3,1023.8,10,9,12,29.9,30.9,18,0,1.2,0,232,"21-01"
"114",1,2021,"1",23,2021-01-23,31.6,9.1,1015.3,10,9.2,15,28.9,45,28,0,0,0,251,"23-01"
"115",2,2021,"1",24,2021-01-24,26.1,4.3,1021.1,10,9.2,14,24.1,36,21.9,0,0,0,212,"24-01"
"116",3,2022,"1",17,2022-01-17,37.5,32.6,989.4,6.1,9.6,19,31.1,44.1,30.2,1.5,0,0,203,"17-01"
"117",1,2022,"1",29,2022-01-29,21.9,16.1,1005.6,2.1,9.7,15,28,32,15.1,0.58,0,1,276,"29-01"
"118",2,2020,"1",5,2020-01-05,40.2,24.7,1007.9,10,10.5,18.1,34,51.1,37,0.02,0,0,291,"05-01"
"119",7,2020,"1",17,2020-01-17,28.4,5.3,1031,9.7,10.5,18.1,33,48.9,21,0,0,0,566,"17-01"
"120",7,2021,"1",29,2021-01-29,20.4,0,1019.3,10,12.5,22.9,34,34,14,0,0,0,291,"29-01"
"121",4,2020,"2",11,2020-02-11,44.9,42.9,1013.4,4.8,2.7,8.9,15,48,42.1,0.37,0,0,458,"11-02"
"122",5,2023,"2",15,2023-02-15,54.4,30.9,1018,10,2.9,7,18.1,66.9,39.9,0,0,0,264,"15-02"
"123",6,2023,"2",9,2023-02-09,47.5,30.9,1023.1,9.7,3,9.9,18.1,53.1,39,0,0,0,238,"09-02"
"124",3,2021,"2",22,2021-02-22,34.3,22.2,1026.2,7.7,3.3,7,18.1,39,24.1,0,5.1,1,245,"22-02"
"125",6,2023,"2",2,2023-02-02,33.3,9.1,1021.8,10,3.3,8,14,39.9,26.1,0.02,0,0,263,"02-02"
"126",2,2023,"2",19,2023-02-19,42,23.6,1025.7,10,3.5,9.9,18.1,50,27,0,0,0,241,"19-02"
"127",7,2021,"2",5,2021-02-05,41.1,27.7,1007.4,9.6,3.5,9.9,20,46.9,30.9,0,11,0,326,"05-02"
"128",6,2024,"2",22,2024-02-22,38.5,27.2,1017.6,9.9,3.6,11.1,15.9,45,30,0,0,0,236,"22-02"
"129",6,2024,"2",1,2024-02-01,40.9,31.1,1016.2,9.2,3.6,8,15,45,34,0,0,0,220,"01-02"
"130",2,2020,"2",23,2020-02-23,46.5,9.4,1021.6,10,3.8,7,15.9,55.9,39,0,0,0,392,"23-02"
"131",2,2024,"2",11,2024-02-11,49.7,34.8,1012,10,3.9,8.9,14,60.1,45,0,0,0,188,"11-02"
"132",3,2023,"2",27,2023-02-27,39.5,19.8,1012.9,10,4,8.9,19,50,30,0,0,0,246,"27-02"
"133",7,2024,"2",2,2024-02-02,43.1,35.5,1011.7,7.9,4,9.9,18.1,46,37,0.19,0,0,255,"02-02"
"134",5,2024,"2",21,2024-02-21,35.1,20.3,1031,10,4,8,15,43,26.1,0,0,0,212,"21-02"
"135",2,2020,"2",2,2020-02-02,39.3,30.9,1002.2,8.4,4,11.1,22.9,45,35.1,0.01,0,0,391,"02-02"
"136",6,2023,"2",16,2023-02-16,61.4,41,1014.6,9.6,4,9.9,21,70,46.9,0,0,0,262,"16-02"
"137",2,2021,"2",28,2021-02-28,43.7,34.4,1023.6,9.1,4.1,8.9,15.9,50,37.9,0.33,0,0,212,"28-02"
"138",6,2022,"2",10,2022-02-10,44.7,29.1,1011.6,9.9,4.1,9.9,17.1,54,28.9,0,0,0,302,"10-02"
"139",3,2023,"2",6,2023-02-06,45.3,27,1015.5,10,4.1,13,22,52,27,0,0,0,255,"06-02"
"140",2,2021,"2",14,2021-02-14,31.2,21.4,1023,9.8,4.1,8.9,15,37.9,25,0,7.9,0,184,"14-02"
"141",2,2023,"2",5,2023-02-05,35.1,15.8,1024.1,10,4.2,9.9,21,48.9,25,0,0,0,207,"05-02"
"142",3,2024,"2",26,2024-02-26,41.7,26.1,1017.3,10,4.2,8.9,18.1,55,23,0,0,0,238,"26-02"
"143",1,2020,"2",15,2020-02-15,21.6,2.5,1035.1,10,4.2,8,19,39.9,14,0,0,0,440,"15-02"
"144",7,2022,"2",11,2022-02-11,47.5,23.3,1014.3,10,4.2,8.9,22,57,37,0,0,0,319,"11-02"
"145",7,2020,"2",21,2020-02-21,27.7,3.4,1031,10,4.3,7,18.1,35.1,19.9,0,0,0,504,"21-02"
"146",4,2022,"2",22,2022-02-22,45.1,39.5,1025.5,6.4,4.3,9.9,19,55,32,0,0,0,244,"22-02"
"147",1,2023,"2",25,2023-02-25,27.1,10.8,1031.1,9.7,4.3,13,21,45,23,0,0,0,239,"25-02"
"148",2,2023,"2",26,2023-02-26,35.3,23.5,1014.9,8.8,4.4,9.9,18.1,50,23,0,0,0,232,"26-02"
"149",4,2021,"2",23,2021-02-23,38.8,29.5,1005.3,8.6,4.5,8,15,45,32,0.52,3.1,0,240,"23-02"
"150",1,2021,"2",27,2021-02-27,43,36,1025.3,6.8,4.5,8,17.1,50,33.1,0.06,0,0,223,"27-02"
"151",5,2022,"2",16,2022-02-16,34.9,18.9,1038.1,10,4.5,8,17.1,43,16,0,0,0,278,"16-02"
"152",7,2021,"2",12,2021-02-12,25.8,4.7,1026.6,10,4.6,9.9,15.9,30,19.9,0.1,9.1,0,290,"12-02"
"153",5,2020,"2",5,2020-02-05,45.2,33,1014,9.8,4.6,11.1,17.1,61,39.9,0,0,0,432,"05-02"
"154",2,2022,"2",6,2022-02-06,22.3,7.2,1035.4,10,4.7,11.1,19,30,17.1,0,0,0,270,"06-02"
"155",3,2024,"2",19,2024-02-19,37,12.5,1017.7,10,4.7,8.9,20,41,26.1,0,0,0,174,"19-02"
"156",7,2023,"2",17,2023-02-17,54.4,48,1005.7,8.5,4.9,13,26,70,39,0.07,0,1,276,"17-02"
"157",3,2022,"2",21,2022-02-21,39.2,21.2,1026.8,10,4.9,8.9,22.9,55,21,0,0,0,194,"21-02"
"158",4,2024,"2",20,2024-02-20,32.5,7.6,1030.3,10,5,8,15.9,41,26.1,0,0,0,231,"20-02"
"159",1,2024,"2",24,2024-02-24,41.9,23.9,1002.5,10,5,11.1,20,46.9,37,0.04,0,0,211,"24-02"
"160",2,2024,"2",4,2024-02-04,37.5,18.8,1015.9,10,5,9.9,18.1,46,30.9,0,0,0,242,"04-02"
"161",3,2020,"2",10,2020-02-10,43.5,34.7,1023.4,8.6,5.2,11.1,15.9,46.9,30.9,0.02,0,0,572,"10-02"
"162",3,2023,"2",20,2023-02-20,51,38.5,1008.7,9.8,5.2,11.1,17.1,61,37,0,0,0,186,"20-02"
"163",5,2023,"2",22,2023-02-22,40.7,26.5,1016.7,9.3,5.2,11.1,15,50,37,0.07,0,0,214,"22-02"
"164",3,2020,"2",3,2020-02-03,45.1,33.3,1006.8,9.1,5.2,8.9,15.9,57,35.1,0.06,0,0,559,"03-02"
"165",6,2020,"2",20,2020-02-20,32.6,10.9,1029.7,10,5.2,8,18.1,48,28.9,0,0,0,448,"20-02"
"166",5,2023,"2",8,2023-02-08,44.8,29.1,1021.3,8.9,5.3,9.9,24.1,53.1,30,0.02,0,0,237,"08-02"
"167",2,2020,"2",16,2020-02-16,34.6,20.7,1023.2,10,5.3,11.1,19,44.1,14,0,0,0,387,"16-02"
"168",5,2024,"2",28,2024-02-28,53.9,49.9,1005.9,5.7,5.4,8,15.9,59,39.9,0.53,0,0,204,"28-02"
"169",4,2022,"2",8,2022-02-08,37.6,30.1,1013.4,8.1,5.4,12,22,45,30,0.22,0,0,279,"08-02"
"170",5,2020,"2",12,2020-02-12,42.8,25.2,1018.4,10,5.4,11.1,22,48,37.9,0.14,0,0,438,"12-02"
"171",2,2022,"2",13,2022-02-13,35,24.8,1019,5.1,5.4,9.9,19,59,28.9,0.14,0,1,229,"13-02"
"172",7,2022,"2",4,2022-02-04,43.6,40.8,1013.6,5.5,5.4,9.9,22,57,28.9,0.6,2,0,288,"04-02"
"173",1,2024,"2",17,2024-02-17,33.8,21,1009.8,6.3,5.5,11.1,22.9,37.9,30.2,0.17,0,1,252,"17-02"
"174",3,2024,"2",5,2024-02-05,37.6,16,1013.4,10,5.5,12,27,46,30.9,0,0,0,258,"05-02"
"175",1,2021,"2",20,2021-02-20,31.4,20.4,1018.3,9.3,5.5,13,20,34,27,0.11,5.1,0,257,"20-02"
"176",1,2022,"2",19,2022-02-19,31.4,11.1,1016.1,10,5.6,15,29.9,39,26.1,0.33,0,0,237,"19-02"
"177",4,2023,"2",14,2023-02-14,48.1,19.3,1012.6,10,5.6,11.1,21,57,39.9,0,0,0,259,"14-02"
"178",1,2021,"2",13,2021-02-13,27.5,5.2,1026,10,5.6,8.9,15.9,28.9,25,0,7.9,0,210,"13-02"
"179",1,2020,"2",22,2020-02-22,37.4,6.4,1024.7,10,5.7,8,17.1,50,19.9,0,0,0,407,"22-02"
"180",2,2021,"2",21,2021-02-21,29.7,12.9,1029.9,10,5.8,12,20,36,24.1,0,5.9,0,208,"21-02"
"181",1,2023,"2",11,2023-02-11,42.4,20.4,1021.8,10,6.1,11.1,22.9,61,36,0,0,0,261,"11-02"
"182",6,2024,"2",15,2024-02-15,31.9,13,1019.5,10,6.1,14,25.1,39,27,0,2,0,244,"15-02"
"183",6,2020,"2",6,2020-02-06,39.2,33.5,1008.3,5.2,6.1,11.1,15.9,55,35.1,0.43,0,0,544,"06-02"
"184",5,2020,"2",19,2020-02-19,44,25.5,1020.5,8.5,6.2,13,22,48,37.9,0,0,0,477,"19-02"
"185",4,2021,"2",16,2021-02-16,40.2,34.4,1007,5.1,6.2,12,24.1,51.1,30.9,0.82,7.1,1,213,"16-02"
"186",3,2021,"2",8,2021-02-08,23.7,9.2,1026.4,9.3,6.3,12,22.9,39.9,17.1,0.41,5.9,0,301,"08-02"
"187",4,2023,"2",28,2023-02-28,34.3,31.2,1006.7,3.5,6.3,15.9,24.1,46,32,0.47,0,1,228,"28-02"
"188",5,2021,"2",24,2021-02-24,45.8,28.5,1013.6,10,6.4,11.1,18.1,54,36,0.01,3.1,0,267,"24-02"
"189",4,2024,"2",6,2024-02-06,34.9,13,1020.1,10,6.4,11.1,24.1,45,28.9,0,0,0,252,"06-02"
"190",4,2020,"2",18,2020-02-18,41.9,30.2,1024.8,9.1,6.4,11.1,18.1,51.1,37.9,0,0,0,428,"18-02"
"191",7,2023,"2",24,2023-02-24,41.9,29.2,1019.7,7.6,6.5,17.1,28,45,34,0.02,0,0,269,"24-02"
"192",5,2021,"2",3,2021-02-03,32.2,23.6,998.2,8.7,6.5,9.9,18.1,37,28.9,0.04,14.2,0,246,"03-02"
"193",3,2023,"2",13,2023-02-13,46.7,18.2,1004.1,10,6.6,11.1,15.9,57,37.9,0.01,0,0,264,"13-02"
"194",6,2022,"2",17,2022-02-17,55.6,41.7,1022.5,10,6.6,11.1,22,68,45,0,0,0,267,"17-02"
"195",1,2022,"2",26,2022-02-26,29.2,12.1,1028.2,10,6.6,12,22,41,24.1,0.24,0,0,247,"26-02"
"196",5,2022,"2",23,2022-02-23,60.8,49,1014,10,6.6,11.1,26,68,37,0.26,0,0,253,"23-02"
"197",2,2024,"2",18,2024-02-18,31.4,12.1,1011.4,10,6.6,11.1,28,39.9,26.1,0.01,2,0,212,"18-02"
"198",1,2021,"2",6,2021-02-06,39.4,16.7,1013,10,6.6,13,28.9,46.9,34,0.07,9.1,0,275,"06-02"
"199",6,2021,"2",4,2021-02-04,35,19.9,1008.6,10,6.7,11.1,19,43,28.9,0.01,13,0,277,"04-02"
"200",6,2021,"2",18,2021-02-18,28.1,13.5,1030.8,5.9,6.8,12,20,34,21.9,0,3.1,1,256,"18-02"
"201",7,2023,"2",10,2023-02-10,56,39.5,1010.7,10,6.8,17.1,25.1,61,42.1,0,0,0,297,"10-02"
"202",1,2022,"2",12,2022-02-12,53.9,27.9,1012.6,10,6.8,9.9,20,59,37.9,0,0,0,237,"12-02"
"203",7,2020,"2",14,2020-02-14,33.8,15.4,1020.7,10,6.9,11.1,20,44.1,25,0.16,0,0,632,"14-02"
"204",6,2023,"2",23,2023-02-23,38.8,35.4,1013.1,7.8,6.9,12,19,44.1,37,0.16,0,0,215,"23-02"
"205",3,2022,"2",28,2022-02-28,32.5,6.2,1021.3,10,6.9,13,22,48,26.1,0,0,0,278,"28-02"
"206",6,2022,"2",24,2022-02-24,32.9,12.7,1028.8,10,7,15,21,43,28.9,0,0,0,223,"24-02"
"207",7,2022,"2",25,2022-02-25,33.2,25.2,1023.6,6.6,7,14,22,41,28.9,0.5,0,0,251,"25-02"
"208",7,2020,"2",7,2020-02-07,40.7,36.4,992.1,5.2,7.2,19,34,55.9,35.1,0.19,0,0,604,"07-02"
"209",1,2024,"2",3,2024-02-03,37.8,22.1,1016.6,10,7.2,12,22,46,32,0.13,0,0,242,"03-02"
"210",1,2022,"2",5,2022-02-05,24.9,14.4,1021.7,9.7,7.2,13,24.1,28.4,21.9,0.53,0,0,295,"05-02"
"211",7,2021,"2",19,2021-02-19,29.8,26.4,1020.6,3.2,7.3,12,18.1,33.8,26.6,0.48,2,1,202,"19-02"
"212",4,2024,"2",13,2024-02-13,37.3,28.7,1004.7,6.1,7.4,12,22.9,48,33.1,0.31,0,1,182,"13-02"
"213",5,2021,"2",17,2021-02-17,29.7,8.8,1022.8,10,7.4,14,24.1,51.1,21.9,0.02,5.9,0,239,"17-02"
"214",1,2020,"2",8,2020-02-08,34.5,16.1,1016.4,10,7.5,12,27,39.9,30,0.14,0,0,466,"08-02"
"215",1,2020,"2",29,2020-02-29,32.2,7.8,1010.9,10,7.5,9.9,24.1,42.1,28.9,0,0,0,456,"29-02"
"216",2,2022,"2",27,2022-02-27,35.8,15.1,1018.2,10,7.5,14,25.1,48,24.1,0,0,0,244,"27-02"
"217",2,2022,"2",20,2022-02-20,27,3.6,1028.2,10,7.7,15,27,39.9,21,0,0,0,245,"20-02"
"218",3,2022,"2",14,2022-02-14,21.8,3.5,1019.5,10,7.9,12,22,42.1,16,0.09,1.2,0,305,"14-02"
"219",7,2024,"2",16,2024-02-16,38.5,16.7,1010.2,10,7.9,13,25.1,43,27,0,0,0,282,"16-02"
"220",1,2023,"2",18,2023-02-18,34.1,13.7,1022.2,10,8.1,12,22.9,42.1,27,0.18,0,0,252,"18-02"
"221",6,2021,"2",25,2021-02-25,46,23.5,1014.8,10,8.2,13,27,54,39,0,2,0,269,"25-02"
"222",7,2022,"2",18,2022-02-18,49.5,35.9,1005.5,8.7,8.5,15,26,68,33.1,0.64,0,0,279,"18-02"
"223",1,2023,"2",4,2023-02-04,12.2,-10.8,1032.6,10,8.6,15,27,35.1,3,0,0,0,222,"04-02"
"224",4,2021,"2",2,2021-02-02,32,28.5,997.7,2.9,8.8,17.1,27,34,21.9,1.63,5.1,0,238,"02-02"
"225",7,2020,"2",28,2020-02-28,33.8,10,1009.6,10,9.3,15.9,28,43,28.9,0,0,0,530,"28-02"
"226",5,2024,"2",14,2024-02-14,34.2,13.7,1013.8,10,9.4,15.9,29.9,41,28.9,0.46,1.2,0,291,"14-02"
"227",7,2023,"2",3,2023-02-03,27.3,4.9,1013.8,10,9.4,17.1,33,39.9,15.1,0,0,0,307,"03-02"
"228",6,2024,"2",29,2024-02-29,40,21.4,1018.5,9.8,10.3,19,39,62.1,30.9,0.16,0,0,253,"29-02"
"229",6,2020,"2",27,2020-02-27,41.5,30.3,1001.2,8,10.6,17.1,36.9,48,34,0.4,0,0,581,"27-02"
"230",3,2021,"2",1,2021-02-01,27,23.6,1012.1,0.7,11.4,17.1,31.1,33.1,19.9,0.43,0,1,239,"01-02"
"231",5,2024,"3",27,2024-03-27,46.5,38.2,1019.6,8.4,2.7,8,17.1,53.1,39,0,0,0,200,"27-03"
"232",1,2022,"3",5,2022-03-05,37.8,14.8,1031.8,10,2.9,7,15,46,21,0,0,0,259,"05-03"
"233",7,2022,"3",18,2022-03-18,57.6,49.3,1015,6.1,2.9,7,14,73.9,45,0.08,0,1,362,"18-03"
"234",7,2022,"3",11,2022-03-11,45.4,25.5,1018.5,10,3.1,8,15.9,55,33.1,0,0,0,329,"11-03"
"235",6,2023,"3",23,2023-03-23,52.7,47,1015.1,7,3.3,8.9,17.1,62.1,48,0,0,0,261,"23-03"
"236",5,2024,"3",6,2024-03-06,49.1,45,1016.9,5.5,3.4,11.1,21,53.1,42.1,0.37,0,0,282,"06-03"
"237",5,2020,"3",18,2020-03-18,47.9,28,1029,10,3.5,9.9,15.9,54,41,0.07,0,0,298,"18-03"
"238",4,2021,"3",16,2021-03-16,32.7,5.4,1025.8,10,3.7,8.9,15,39,24.1,0,0,0,237,"16-03"
"239",4,2023,"3",28,2023-03-28,46.2,34.4,1017,10,3.7,9.9,15.9,62.1,42.1,0.29,0,0,246,"28-03"
"240",3,2023,"3",20,2023-03-20,38.9,14.4,1023.9,10,3.7,8.9,14,51.1,28.9,0,0,0,287,"20-03"
"241",6,2021,"3",18,2021-03-18,45.3,40.6,1015.9,6.5,3.7,9.9,15.9,46.9,34,0,0,0,244,"18-03"
"242",5,2022,"3",16,2022-03-16,57.5,37.4,1021.3,10,3.7,9.9,15.9,68,46,0,0,0,311,"16-03"
"243",7,2023,"3",10,2023-03-10,40.4,26.6,1017.5,10,3.8,7,14,51.1,33.1,0,0,0,292,"10-03"
"244",2,2021,"3",28,2021-03-28,54,47.9,1012.4,6.9,3.8,11.1,20,69.1,48,0,0,1,198,"28-03"
"245",2,2023,"3",12,2023-03-12,39.8,25.2,1015.6,10,3.9,8,17.1,48,34,0.18,0,0,213,"12-03"
"246",6,2022,"3",31,2022-03-31,53.1,44.3,1008.1,8.1,3.9,8,15.9,66,28.9,0,0,0,282,"31-03"
"247",7,2024,"3",1,2024-03-01,36.8,15.2,1034.1,10,4,8,20,48,30,0,0,0,309,"01-03"
"248",7,2022,"3",25,2022-03-25,49.5,39.3,1003.1,8.7,4,9.9,21,60.1,37.9,0.64,0,0,307,"25-03"
"249",6,2023,"3",2,2023-03-02,43.9,37.7,1007.9,5.2,4,8,17.1,54,39.9,0,1.2,0,247,"02-03"
"250",7,2020,"3",20,2020-03-20,56,48.3,1015.6,7.9,4,15,24.1,77,41,0.03,0,0,306,"20-03"
"251",6,2021,"3",25,2021-03-25,55.6,51.6,1017.2,4.1,4.1,8,14,68,46.9,1.27,0,0,257,"25-03"
"252",1,2024,"3",16,2024-03-16,53.1,36.8,1009.2,10,4.1,8,15.9,73,46.9,0,0,0,261,"16-03"
"253",3,2021,"3",8,2021-03-08,33.7,8.6,1029.5,10,4.2,8,15,43,26.1,0,0,0,250,"08-03"
"254",5,2023,"3",22,2023-03-22,53.6,24.4,1026.8,10,4.2,8.9,18.1,63,39.9,0,0,0,221,"22-03"
"255",5,2024,"3",20,2024-03-20,45.4,28.5,1004.7,9.7,4.2,8,32.1,57,36,0,0,0,246,"20-03"
"256",1,2024,"3",2,2024-03-02,45.3,40.3,1029.6,6.6,4.2,9.9,22,55.4,41,0,0,0,235,"02-03"
"257",4,2020,"3",17,2020-03-17,45.1,37.2,1023.7,9.3,4.3,12,19,54,33.1,0.09,0,0,374,"17-03"
"258",7,2023,"3",3,2023-03-03,41.6,24.5,1015.2,10,4.3,11.1,21,48,37,0,0,0,282,"03-03"
"259",5,2023,"3",29,2023-03-29,46.6,20.1,1019.8,10,4.3,8.9,15,55,39,0,0,0,274,"29-03"
"260",7,2020,"3",27,2020-03-27,57,35.8,1009.9,10,4.3,9.9,15.9,69.1,37.9,0,0,0,195,"27-03"
"261",6,2020,"3",26,2020-03-26,45.6,31.4,1016,10,4.3,9.9,18.1,60.1,37.9,0.01,0,0,187,"26-03"
"262",3,2023,"3",27,2023-03-27,52.8,23.5,1016,9.3,4.3,11.1,15,63,44.1,0,0,0,265,"27-03"
"263",6,2020,"3",19,2020-03-19,46.1,39,1025.6,7.3,4.4,9.9,18.1,54,41,0.9,0,0,339,"19-03"
"264",7,2023,"3",24,2023-03-24,50.9,33.9,1012.8,9.6,4.4,9.9,19,60.1,44.1,0.09,0,0,247,"24-03"
"265",2,2022,"3",6,2022-03-06,51.7,42.7,1019.2,8.5,4.5,9.9,19,68,32,0,0,1,237,"06-03"
"266",7,2024,"3",22,2024-03-22,35.2,11.4,1027.3,10,4.5,9.9,18.1,46,28.9,0,0,0,242,"22-03"
"267",4,2021,"3",30,2021-03-30,50.6,25.8,1027.3,10,4.6,9.9,19,61,42.1,0,0,0,281,"30-03"
"268",3,2024,"3",4,2024-03-04,54.1,43.3,1026.7,10,4.7,8.9,15,68,48,0,0,0,252,"04-03"
"269",1,2022,"3",26,2022-03-26,50,32.5,998.8,9.9,4.7,11.1,17.1,60.1,44.1,0.02,0,0,288,"26-03"
"270",4,2022,"3",15,2022-03-15,53.6,30.5,1023.6,10,4.7,8,18.1,68,33.1,0,0,0,295,"15-03"
"271",3,2022,"3",14,2022-03-14,42,20.9,1027.3,10,4.7,8.9,18.1,55.9,21.9,0,0,0,311,"14-03"
"272",7,2024,"3",8,2024-03-08,47.2,28.8,1023.6,10,4.7,8,19,57,39.9,0.11,0,0,312,"08-03"
"273",5,2021,"3",31,2021-03-31,56.2,47.8,1020.2,9.2,4.8,8,17.1,66.9,42.1,0,0,0,284,"31-03"
"274",3,2020,"3",2,2020-03-02,46.6,25.3,1016.4,10,4.8,9.9,20,57.9,25,0,0,0,563,"02-03"
"275",4,2022,"3",1,2022-03-01,37.3,16.5,1022.3,10,4.8,13,20,46,26.1,0,0,0,248,"01-03"
"276",5,2022,"3",9,2022-03-09,37.7,25.6,1019.9,6.6,4.8,9.9,14,50,33.1,0.01,0,1,286,"09-03"
"277",7,2024,"3",15,2024-03-15,61.8,42.4,1007.7,9.9,4.8,12,24.1,73.9,46,0,0,0,276,"15-03"
"278",3,2020,"3",30,2020-03-30,46.2,41.7,1013,9.3,4.9,14,18.1,52,41,0.03,0,0,164,"30-03"
"279",4,2023,"3",21,2023-03-21,50.5,15.4,1026.4,10,4.9,9.9,20,63,30.9,0,0,0,248,"21-03"
"280",5,2022,"3",2,2022-03-02,45.8,28.4,1014.5,9.9,5,7,18.1,52,30.9,0,0,0,246,"02-03"
"281",2,2022,"3",20,2022-03-20,57,42.4,1007.5,9.8,5,9.9,25.1,69.1,51.1,0.05,0,0,259,"20-03"
"282",2,2024,"3",31,2024-03-31,53.5,35,1010,9.8,5,8.9,15,61,48,0.06,0,0,236,"31-03"
"283",4,2020,"3",3,2020-03-03,53.9,42.3,1006.8,8.9,5.1,9.9,17.1,59,39.9,0.01,0,0,550,"03-03"
"284",5,2020,"3",11,2020-03-11,52.8,32.6,1017.6,10,5.1,9.9,22,64.9,43,0,0,0,473,"11-03"
"285",6,2020,"3",5,2020-03-05,45.7,26.1,1016.9,10,5.2,8.9,18.1,55.9,39,0,0,0,529,"05-03"
"286",4,2020,"3",31,2020-03-31,44.4,37.1,1015.9,9.3,5.2,9.9,17.1,52,41,0.1,0,0,158,"31-03"
"287",2,2020,"3",15,2020-03-15,47,20.9,1029.6,10,5.2,9.9,15,57,42.1,0,0,0,331,"15-03"
"288",1,2020,"3",28,2020-03-28,49.8,31.3,1018.5,9,5.2,9.9,15,69.1,44.1,0,0,0,183,"28-03"
"289",3,2023,"3",6,2023-03-06,45.6,23.2,1019.7,10,5.3,8.9,18.1,53.1,37.9,0,0,0,257,"06-03"
"290",5,2021,"3",10,2021-03-10,48,29,1032.1,10,5.3,8.9,15.9,64,41,0,0,0,224,"10-03"
"291",7,2021,"3",26,2021-03-26,62.6,50.3,1008,7,5.3,15.9,32.1,82,48.9,0.2,0,0,336,"26-03"
"292",3,2022,"3",7,2022-03-07,67.2,52.2,1008.8,9.8,5.3,11.1,20,73.9,59,0.06,0,0,329,"07-03"
"293",1,2024,"3",23,2024-03-23,43.2,37.6,1016.7,5.2,5.5,14,27,50,28.9,0.44,0,1,230,"23-03"
"294",2,2024,"3",17,2024-03-17,55.8,31.9,1002.5,10,5.6,11.1,27,63,46.9,0,0,0,250,"17-03"
"295",6,2022,"3",17,2022-03-17,48.9,45.2,1018.2,4.1,5.7,11.1,15.9,66.9,45,0,0,1,279,"17-03"
"296",5,2022,"3",23,2022-03-23,44.7,16.8,1023.4,10,5.7,8,15.9,57.9,39.9,0,0,0,273,"23-03"
"297",3,2024,"3",18,2024-03-18,47.2,21.2,1005.5,10,5.7,13,25.1,63,43,0,0,0,257,"18-03"
"298",2,2023,"3",26,2023-03-26,50.8,32.7,1010.7,7.5,5.7,9.9,22,63,42.1,0.15,0,0,284,"26-03"
"299",7,2022,"3",4,2022-03-04,27.7,2.6,1031.6,10,5.7,11.1,19,48,21,0,0,0,328,"04-03"
"300",2,2020,"3",8,2020-03-08,44.4,13.6,1029.2,10,5.7,11.1,19,59,35.1,0,0,0,408,"08-03"
"301",4,2020,"3",24,2020-03-24,42.9,32.5,1018.5,10,5.8,9.9,18.1,55,36,1.15,0,0,201,"24-03"
"302",1,2024,"3",9,2024-03-09,43.3,35.1,1021.8,8.4,5.8,9.9,20,57,39.9,0,0,0,271,"09-03"
"303",2,2021,"3",7,2021-03-07,32.7,10.8,1024.9,10,5.9,12,18.1,41,28.9,0,0,0,216,"07-03"
"304",3,2021,"3",1,2021-03-01,43.4,36.5,1007.6,5.6,5.9,13,26,48.9,39.9,0.36,0,0,224,"01-03"
"305",1,2023,"3",18,2023-03-18,50,28.4,1004.6,9.8,6,9.9,18.1,60.1,43,0.02,0,0,233,"18-03"
"306",7,2020,"3",6,2020-03-06,41.8,34.1,1013.8,8.7,6,11.1,20,51.1,37,0,0,0,673,"06-03"
"307",7,2021,"3",12,2021-03-12,63.1,32.2,1017.7,10,6,9.9,20,71.1,44.1,0,0,0,338,"12-03"
"308",5,2021,"3",3,2021-03-03,39.4,13.8,1013.7,10,6,11.1,19,52,21,0,0,0,244,"03-03"
"309",4,2022,"3",22,2022-03-22,51.6,14.5,1020.2,10,6.1,11.1,18.1,62.1,43,0,0,0,290,"22-03"
"310",2,2023,"3",5,2023-03-05,43.7,28.4,1018.2,10,6.3,13,21,53.1,37.9,0.02,0,0,264,"05-03"
"311",3,2023,"3",13,2023-03-13,41.2,36.5,1012.8,6.1,6.3,12,22.9,48,34,0.04,0,0,317,"13-03"
"312",4,2024,"3",26,2024-03-26,45.4,27.2,1023.9,10,6.4,12,21,53.1,35.1,0,0,0,241,"26-03"
"313",6,2023,"3",16,2023-03-16,43.2,13.2,1015.9,10,6.4,12,21,59,34,0,0,0,252,"16-03"
"314",4,2020,"3",10,2020-03-10,60.7,36.9,1019.2,10,6.4,12,21,72,46.9,0,0,0,450,"10-03"
"315",2,2020,"3",1,2020-03-01,32,10.1,1019,10,6.5,9.9,20,44.1,25,0,0,0,423,"01-03"
"316",4,2021,"3",9,2021-03-09,50.2,17.4,1026.5,10,6.6,11.1,19,63,42.1,0,0,0,299,"09-03"
"317",1,2020,"3",14,2020-03-14,49.8,19.5,1023.5,10,6.6,11.1,22.9,61,43,0.11,0,0,371,"14-03"
"318",1,2021,"3",27,2021-03-27,58,37.7,1018.1,10,6.6,14,28,82,50,0.19,0,0,325,"27-03"
"319",1,2023,"3",11,2023-03-11,40.4,34.7,1006.6,7.1,6.7,11.1,19,46,35.1,0.58,0,0,245,"11-03"
"320",3,2020,"3",9,2020-03-09,57.2,22.3,1026.6,10,6.7,14,24.1,72,35.1,0,0,0,546,"09-03"
"321",1,2020,"3",7,2020-03-07,40.2,21.9,1018.9,10,6.8,13,22,48,36,0.37,0,0,515,"07-03"
"322",6,2023,"3",9,2023-03-09,40.6,24.1,1021.2,10,6.8,12,19,51.1,30.9,0,0,0,297,"09-03"
"323",6,2021,"3",4,2021-03-04,41.8,21.3,1009.8,10,6.8,15.9,29.9,52,32,0,0,0,262,"04-03"
"324",4,2024,"3",12,2024-03-12,52.7,20.4,1009.5,10,6.9,11.1,21,66,35.1,0,0,0,268,"12-03"
"325",1,2022,"3",12,2022-03-12,39.8,34.4,1002,7,7.1,18.1,32.1,55,24.1,0.01,0,0,253,"12-03"
"326",3,2024,"3",25,2024-03-25,41.9,20.1,1030,10,7.2,20,31.1,53.1,30.9,0,0,0,287,"25-03"
"327",1,2023,"3",4,2023-03-04,41.5,36,1001.2,7.4,7.2,18.1,29.9,46.9,37,1.12,0,0,270,"04-03"
"328",6,2023,"3",30,2023-03-30,39.4,17.1,1022.8,10,7.2,12,21,55,30.9,0.01,0,0,293,"30-03"
"329",2,2024,"3",24,2024-03-24,38.7,17,1021.4,10,7.3,13,28,50,30.9,3.22,0,0,279,"24-03"
"330",7,2020,"3",13,2020-03-13,54,43.3,1011.9,6.9,7.3,17.1,26,69.1,45,0.18,0,0,551,"13-03"
"331",1,2021,"3",13,2021-03-13,45.2,9.7,1021.5,10,7.4,15.9,28,68,33.1,0,0,0,252,"13-03"
"332",1,2020,"3",21,2020-03-21,52.8,27.8,1021.5,10,7.4,14,24.1,77,42.1,0,0,0,238,"21-03"
"333",1,2023,"3",25,2023-03-25,45.1,32.4,1016.9,8,7.4,12,25.1,55,42.1,0,0,0,226,"25-03"
"334",6,2022,"3",3,2022-03-03,41.6,21.2,1015.1,9.7,7.5,15,24.1,52,33.1,0.03,0,0,318,"03-03"
"335",3,2020,"3",16,2020-03-16,40.1,15.3,1034.2,10,7.6,13,18.1,54,33.1,0,0,0,378,"16-03"
"336",4,2024,"3",19,2024-03-19,40.7,16.9,1007,10,7.7,9.9,25.1,51.1,36,0,0,0,201,"19-03"
"337",6,2024,"3",7,2024-03-07,50.3,43.9,1010.3,8.1,7.8,15,27,54,46.9,1.31,0,0,224,"07-03"
"338",2,2024,"3",10,2024-03-10,45.9,36.6,996.6,7.2,7.9,15.9,32.1,51.1,39.9,1.55,0,0,228,"10-03"
"339",5,2023,"3",8,2023-03-08,37.7,19.4,1018.8,10,7.9,12,24.1,48,30.9,0,0,0,236,"08-03"
"340",2,2021,"3",14,2021-03-14,45.3,13.2,1015.9,10,8,15.9,32.1,54,33.1,0,0,0,244,"14-03"
"341",2,2022,"3",27,2022-03-27,41.5,24.4,1002.2,10,8,13,25.1,46.9,36,0,0,0,267,"27-03"
"342",4,2023,"3",7,2023-03-07,40.9,17.8,1010.1,8.7,8.1,20,31.1,52,33.1,0.06,0,0,273,"07-03"
"343",4,2023,"3",14,2023-03-14,36.3,31.7,1001.4,5.6,8.1,17.1,28,45,33.1,0.75,0,0,268,"14-03"
"344",3,2020,"3",23,2020-03-23,37.8,30.5,1031,6.3,8.2,13,20,45,33.1,0.01,0,0,225,"23-03"
"345",2,2023,"3",19,2023-03-19,36.6,9,1013.8,10,8.2,15,26,55.9,28.9,0,0,0,248,"19-03"
"346",4,2024,"3",5,2024-03-05,44.6,40.6,1023,5.9,8.2,18.1,32.1,59,42.1,0.06,0,0,260,"05-03"
"347",7,2024,"3",29,2024-03-29,47.3,24.5,1007.6,9.9,8.3,17.1,34,55.9,42.1,0.29,0,0,230,"29-03"
"348",1,2024,"3",30,2024-03-30,48.6,21.9,1008.3,10,8.3,14,28,61,41,0,0,0,252,"30-03"
"349",5,2020,"3",25,2020-03-25,42.8,33.3,1019.1,10,8.4,14,24.1,55,36,0,0,0,168,"25-03"
"350",1,2021,"3",6,2021-03-06,32.8,10.5,1016.3,10,8.4,15.9,22,37,23,0,0,0,251,"06-03"
"351",2,2020,"3",22,2020-03-22,39.2,13,1035.1,10,8.5,14,21,46.9,33.1,0,0,0,139,"22-03"
"352",3,2022,"3",21,2022-03-21,51.3,25.4,1016.3,9.6,8.6,13,25.1,62.1,44.1,0,0,0,293,"21-03"
"353",5,2020,"3",4,2020-03-04,50.7,31.5,1005.3,9.3,8.8,15.9,28,59,45,0.25,0,0,540,"04-03"
"354",6,2024,"3",21,2024-03-21,35.8,8.4,1016.5,10,9,14,27,57,30,0.01,0,0,248,"21-03"
"355",3,2021,"3",15,2021-03-15,31.1,-3.3,1024.5,10,9,15,29.9,37.9,24.1,0,0,0,253,"15-03"
"356",2,2022,"3",13,2022-03-13,26.7,7.3,1015.6,9.4,9.2,15.9,28,48,21.9,0.49,0,0,274,"13-03"
"357",4,2022,"3",8,2022-03-08,47.4,24.1,1013.3,10,9.6,18.1,34,73.9,39,0.03,0,0,259,"08-03"
"358",6,2022,"3",24,2022-03-24,42.2,38.8,1014.9,5.4,10.1,18.1,26,48.9,37.9,0.37,0,0,266,"24-03"
"359",4,2022,"3",29,2022-03-29,29.1,6.5,1019.2,10,10.4,15,29.9,37.9,23,0,0,0,272,"29-03"
"360",3,2021,"3",29,2021-03-29,50.9,28.6,1011.6,9.5,10.5,17.1,32.1,60.1,45,0.76,0,0,240,"29-03"
"361",3,2022,"3",28,2022-03-28,27.9,2.8,1011.3,10,10.6,15.9,26,46,23,0,0,0,299,"28-03"
"362",2,2020,"3",29,2020-03-29,45.2,43.7,1013,3,10.6,15.9,25.1,54,44.1,0.47,0,0,146,"29-03"
"363",3,2024,"3",11,2024-03-11,42.4,17.6,1002.4,10,11,22,40,52,35.1,0.01,0,0,261,"11-03"
"364",7,2021,"3",5,2021-03-05,29.7,2.2,1011.5,10,11.1,15.9,29.9,45,23,0,0,0,306,"05-03"
"365",4,2021,"3",2,2021-03-02,29.2,2.6,1018,10,11.1,19,28.9,48.9,21,0.02,0,0,268,"02-03"
"366",5,2023,"3",15,2023-03-15,37.8,20.8,1007.3,10,11.2,17.1,34,45,33.1,0.01,0,0,284,"15-03"
"367",7,2021,"3",19,2021-03-19,38.5,15.4,1018.6,9.3,11.3,19,28.9,46.9,30.9,0.67,0,0,309,"19-03"
"368",4,2024,"4",9,2024-04-09,64,35.6,1017,10,2,7,15,80.1,43,0,0,0,289,"09-04"
"369",3,2024,"4",29,2024-04-29,72.6,60,1015.5,9.5,2.3,8.9,19,87.1,52,0.01,0,0,247,"29-04"
"370",1,2020,"4",25,2020-04-25,52.1,40,1015.7,10,2.3,9.9,17.1,64.9,44.1,0.22,0,0,152,"25-04"
"371",2,2022,"4",3,2022-04-03,45.2,35.3,1010.8,9.5,2.4,7,15.9,54,37.9,0,0,0,257,"03-04"
"372",7,2023,"4",14,2023-04-14,80,42.4,1010.6,10,2.6,8.9,14,91,66.9,0,0,0,287,"14-04"
"373",4,2021,"4",27,2021-04-27,54.4,21.9,1017.9,10,2.7,8,15,64,41,0,0,0,273,"27-04"
"374",4,2021,"4",20,2021-04-20,62.2,40.3,1011.9,10,2.7,8,20,75.9,52,0,0,0,313,"20-04"
"375",7,2023,"4",21,2023-04-21,59,42.9,1019,9.9,2.8,8.9,15,71.1,45,0,0,0,312,"21-04"
"376",3,2021,"4",19,2021-04-19,58.9,36.2,1010.4,10,3,8.9,17.1,64.9,48.9,0,0,0,320,"19-04"
"377",1,2023,"4",1,2023-04-01,59.8,49,1002.6,8.7,3.1,9.9,17.1,72,37.9,0,0,0,278,"01-04"
"378",1,2024,"4",27,2024-04-27,52.4,28.7,1032.2,10,3.2,8.9,19,64.9,43,0,0,0,197,"27-04"
"379",5,2021,"4",14,2021-04-14,58.4,42.2,1016.3,10,3.2,8,15.9,72,44.1,0.06,0,0,295,"14-04"
"380",1,2024,"4",20,2024-04-20,56.8,42.7,1014,8.9,3.3,13,24.1,71.1,46,0.05,0,0,263,"20-04"
"381",1,2022,"4",30,2022-04-30,54.9,16.1,1019.2,10,3.4,7,17.1,68,41,0,0,0,321,"30-04"
"382",6,2022,"4",14,2022-04-14,67,53.3,1007.7,9.7,3.4,13,22,79,55,0,0,0,331,"14-04"
"383",5,2022,"4",13,2022-04-13,62.8,44.5,1016.5,10,3.5,8.9,14,72,50,0.07,0,0,296,"13-04"
"384",6,2021,"4",15,2021-04-15,54.6,48.9,1008,6.9,3.5,8.9,15,72,48,0,0,0,270,"15-04"
"385",2,2023,"4",9,2023-04-09,46.6,23.6,1031.9,10,3.6,12,14,57,37,0,0,0,210,"09-04"
"386",3,2022,"4",18,2022-04-18,45.4,23.1,1026,10,3.6,8.9,17.1,54,39,0,0,0,239,"18-04"
"387",3,2023,"4",3,2023-04-03,47.2,21.3,1019.4,10,3.6,8.9,20,59,39,0,0,0,260,"03-04"
"388",4,2024,"4",23,2024-04-23,53.3,29.1,1019.8,10,3.7,12,21,64.9,42.1,0,0,0,170,"23-04"
"389",1,2021,"4",24,2021-04-24,60.4,27.2,1014.7,10,3.7,8,15,72,39,0,0,0,301,"24-04"
"390",4,2020,"4",28,2020-04-28,50.8,32.3,1019,10,3.8,8.9,15.9,66.9,39,0,0,0,185,"28-04"
"391",1,2023,"4",15,2023-04-15,69.8,55.7,1011.8,9.7,3.8,8,14,78.1,62.6,0,0,0,242,"15-04"
"392",4,2020,"4",7,2020-04-07,57.6,24.8,1012.8,10,3.8,11.1,18.1,68,48.9,0,0,0,129,"07-04"
"393",1,2023,"4",8,2023-04-08,45,16.4,1031.2,10,3.8,8,15.9,60.1,37,0,0,0,224,"08-04"
"394",7,2021,"4",9,2021-04-09,52.7,43.4,1020.9,9.9,3.9,8.9,17.1,70,48.9,0,0,0,281,"09-04"
"395",4,2024,"4",2,2024-04-02,48.3,41.5,1014,7.1,4,9.9,20,53.1,46,0.07,0,0,264,"02-04"
"396",3,2023,"4",10,2023-04-10,51.5,29.4,1030.4,10,4,8,14,68,39.9,0,0,0,218,"10-04"
"397",3,2024,"4",15,2024-04-15,69.1,46.8,1008.1,9.8,4.1,8.9,22,82,48,0.1,0,0,279,"15-04"
"398",3,2023,"4",24,2023-04-24,53.1,32.2,1016.4,10,4.2,8.9,18.1,69.1,44.1,0.13,0,0,302,"24-04"
"399",3,2023,"4",17,2023-04-17,58,49.4,1003.1,6.4,4.2,11.1,17.1,71.1,53.1,0,0,0,255,"17-04"
"400",6,2023,"4",13,2023-04-13,78.4,41.5,1010.3,10,4.2,11.1,18.1,90,64,0,0,0,237,"13-04"
"401",5,2024,"4",24,2024-04-24,58.3,36.1,1012.1,10,4.4,8.9,17.1,73.9,46,0,0,0,225,"24-04"
"402",5,2020,"4",29,2020-04-29,51.1,42.8,1022.1,9.8,4.5,8,18.1,66.9,41,0,0,0,137,"29-04"
"403",2,2020,"4",12,2020-04-12,52.9,27.6,1019.8,10,4.5,11.1,19,63,37.9,0,0,0,106,"12-04"
"404",5,2024,"4",17,2024-04-17,56.8,39,1020.5,10,4.5,9.9,18.1,73,51.1,0,0,0,245,"17-04"
"405",1,2020,"4",18,2020-04-18,43.6,38.4,1010.1,7.1,4.5,8,17.1,51.1,36,0.19,0,0,125,"18-04"
"406",3,2020,"4",20,2020-04-20,53.2,30.5,1004.6,10,4.7,8.9,15.9,63,39.9,0,0,0,140,"20-04"
"407",6,2022,"4",21,2022-04-21,51.4,36.5,1030.9,10,4.7,9.9,20,60.1,42.1,0,0,0,237,"21-04"
"408",2,2023,"4",23,2023-04-23,58.5,51.3,1010.5,5.9,4.7,9.9,15.9,69.1,51.1,2.06,0,0,269,"23-04"
"409",5,2021,"4",21,2021-04-21,58.5,40.6,1006.7,9.6,4.7,12,28.9,75.9,45,0,0,0,283,"21-04"
"410",7,2023,"4",28,2023-04-28,51.9,41.4,1021.4,9.4,4.8,8,15.9,57,48.9,0,0,0,305,"28-04"
"411",2,2021,"4",11,2021-04-11,55,52.6,1005.6,3.5,4.8,13,22,70,50,0.01,0,1,215,"11-04"
"412",4,2023,"4",11,2023-04-11,61.8,25.8,1021,10,4.8,9.9,21,75,42.1,0,0,0,209,"11-04"
"413",2,2022,"4",24,2022-04-24,56.3,34.9,1024,10,4.8,11.1,18.1,64.9,51.1,0,0,0,271,"24-04"
"414",1,2022,"4",9,2022-04-09,52,36.7,1003.5,9.8,4.9,12,20,64.9,46.9,0.01,0,0,293,"09-04"
"415",7,2024,"4",19,2024-04-19,50.4,39.4,1020.6,10,4.9,11.1,20,60.1,45,0.01,0,0,267,"19-04"
"416",7,2022,"4",15,2022-04-15,60.1,26.7,1017.5,10,5,8.9,18.1,79,52,0.06,0,0,292,"15-04"
"417",4,2024,"4",16,2024-04-16,63.3,31.4,1018.1,10,5,9.9,21,82,54,0,0,0,257,"16-04"
"418",4,2020,"4",21,2020-04-21,51.2,36.8,1001.8,9.3,5.1,11.1,31.1,61,46,0,0,0,121,"21-04"
"419",1,2020,"4",4,2020-04-04,52.1,40.9,1014,9.1,5.2,12,21,62.1,45,0.13,0,0,156,"04-04"
"420",7,2022,"4",22,2022-04-22,60.1,33.9,1027.2,10,5.2,9.9,15,70,44.1,0,0,0,276,"22-04"
"421",1,2021,"4",17,2021-04-17,48.6,34.8,1007.5,10,5.4,9.9,17.1,55.9,41,0.03,0,0,265,"17-04"
"422",7,2021,"4",16,2021-04-16,46,36.8,1004,9.5,5.5,14,24.1,57.9,41,0.84,0,0,298,"16-04"
"423",5,2020,"4",15,2020-04-15,47.7,23.4,1014.3,10,5.6,8.9,21,60.1,42.1,0,0,0,139,"15-04"
"424",7,2020,"4",17,2020-04-17,42.1,21.3,1023.3,10,5.6,13,20,51.1,36,0,0,0,157,"17-04"
"425",5,2023,"4",12,2023-04-12,72.6,32.1,1010.8,10,5.6,11.1,20,84,51.1,0,0,0,234,"12-04"
"426",2,2024,"4",21,2024-04-21,48.6,24.5,1015.9,10,5.6,9.9,20,55.9,42.1,0,0,0,227,"21-04"
"427",5,2023,"4",19,2023-04-19,51.7,27.8,1015.9,10,5.6,11.1,22,64,45,0,0,0,273,"19-04"
"428",4,2020,"4",14,2020-04-14,54.1,32,1014.8,10,5.7,11.1,21,66.9,46.9,1.27,0,0,135,"14-04"
"429",2,2024,"4",14,2024-04-14,58.3,33.4,1010.3,10,5.7,14,22.9,75,46.9,0.01,0,0,237,"14-04"
"430",6,2024,"4",11,2024-04-11,54.7,49.2,1014.7,7,5.7,9.9,18.1,66.9,50,0,0,0,230,"11-04"
"431",1,2022,"4",16,2022-04-16,60.7,33.7,1013.8,10,5.7,9.9,18.1,73,52,0,0,0,282,"16-04"
"432",7,2022,"4",8,2022-04-08,55.3,41,1002.4,7.9,5.9,11.1,25.1,64.9,45,1.15,0,1,343,"08-04"
"433",1,2021,"4",3,2021-04-03,40.3,7.9,1026.1,10,5.9,8.9,17.1,53.1,32,0,0,0,281,"03-04"
"434",3,2022,"4",11,2022-04-11,48,25.4,1017.6,10,5.9,12,21,61,39.9,0,0,0,283,"11-04"
"435",2,2020,"4",19,2020-04-19,49.5,27.7,1011.5,10,6,9.9,22,63,39.9,0.1,0,0,102,"19-04"
"436",6,2020,"4",9,2020-04-09,51.6,42.1,997.5,9.7,6.1,18.1,33,64,48.9,0.12,0,0,103,"09-04"
"437",4,2024,"4",30,2024-04-30,60.2,52.2,1013.8,7.9,6.1,12,18.1,68,55,0.02,0,0,196,"30-04"
"438",4,2023,"4",18,2023-04-18,53.8,30.5,1006.5,10,6.2,14,22,62.1,50,0,0,0,237,"18-04"
"439",6,2022,"4",7,2022-04-07,48.8,44.8,1010.1,7.3,6.3,12,22,53.1,44.1,0.17,0,0,283,"07-04"
"440",6,2024,"4",25,2024-04-25,50.8,25.3,1024.3,10,6.3,9.9,22,73.9,43,0,0,0,251,"25-04"
"441",1,2024,"4",6,2024-04-06,46.6,28,1008.1,10,6.5,9.9,20,54,37.9,0,0,0,224,"06-04"
"442",2,2024,"4",7,2024-04-07,50.1,27.8,1016.2,10,6.5,13,20,60.1,42.1,0,0,0,244,"07-04"
"443",3,2020,"4",13,2020-04-13,57.3,53.4,1011.8,4.8,6.6,14,33,66,44.1,0.65,0,0,138,"13-04"
"444",3,2022,"4",4,2022-04-04,45.7,27.6,1013.3,10,6.6,11.1,20,54,39,0.12,0,0,289,"04-04"
"445",2,2022,"4",10,2022-04-10,47.1,28.9,1007.2,10,6.6,15.9,26,55,42.1,0.04,0,0,285,"10-04"
"446",2,2022,"4",17,2022-04-17,45.7,27.7,1018,9.6,6.7,14,20,51.1,41,0.2,0,0,241,"17-04"
"447",2,2023,"4",30,2023-04-30,52.8,51.3,1007.2,3.2,6.7,12,18.1,59,46.9,1.32,0,1,284,"30-04"
"448",3,2020,"4",27,2020-04-27,43.9,37.1,1011.3,9.4,6.7,9.9,20,51.1,39,0.22,0,0,131,"27-04"
"449",4,2021,"4",6,2021-04-06,57.6,15.2,1013.5,10,6.8,9.9,15.9,70,46.9,0,0,0,318,"06-04"
"450",1,2023,"4",29,2023-04-29,49.6,47.9,1013.3,2.6,6.8,11.1,19,53.1,46.4,1.47,0,0,327,"29-04"
"451",1,2022,"4",2,2022-04-02,44.6,20.6,1015.6,10,6.8,12,26,61,37.9,0.28,0,0,277,"02-04"
"452",5,2023,"4",5,2023-04-05,52.7,48.4,1022,5.6,6.9,14,27,73,46,0,0,0,276,"05-04"
"453",1,2023,"4",22,2023-04-22,56.8,50.2,1014.5,7.5,6.9,11.1,15.9,71.1,51.1,0,0,0,258,"22-04"
"454",3,2021,"4",5,2021-04-05,57.2,22.1,1012.6,10,6.9,12,25.1,68,48,0,0,0,268,"05-04"
"455",5,2022,"4",20,2022-04-20,49.1,23.4,1023.2,10,6.9,12,22,60.1,39,1.24,0,0,283,"20-04"
"456",5,2022,"4",27,2022-04-27,52.5,33.5,1013.8,9.8,7,13,25.1,60.1,46.9,0.02,0,0,314,"27-04"
"457",7,2022,"4",1,2022-04-01,55.7,43.4,1001.3,9.6,7.1,15,28.9,66,44.1,0.35,0,0,290,"01-04"
"458",7,2023,"4",7,2023-04-07,55.8,23.6,1025.2,10,7.1,11.1,22,64,48.9,0,0,0,210,"07-04"
"459",7,2022,"4",29,2022-04-29,50.4,8.1,1018.1,10,7.2,13,21,63,39.9,0,0,0,361,"29-04"
"460",6,2020,"4",2,2020-04-02,48,26.1,1005.8,10,7.2,15,27,57.9,37.9,0,0,0,166,"02-04"
"461",7,2024,"4",12,2024-04-12,60,52.7,998.2,6.1,7.2,9.9,26,63,50,0.46,0,0,293,"12-04"
"462",5,2020,"4",1,2020-04-01,45.8,28.8,1009.7,10,7.2,12,17.1,55.9,37.9,0.06,0,0,155,"01-04"
"463",7,2024,"4",5,2024-04-05,43.9,27.9,1002.4,10,7.3,12,22.9,53.1,37,0.21,0,0,232,"05-04"
"464",6,2020,"4",16,2020-04-16,45.4,18,1017.1,10,7.4,13,25.1,54,39.9,0,0,0,138,"16-04"
"465",7,2020,"4",3,2020-04-03,49.3,36.1,1003.9,9.5,7.4,12,22.9,57.9,37.9,0.01,0,0,191,"03-04"
"466",3,2021,"4",26,2021-04-26,52,25.6,1014.2,10,7.4,11.1,22,63,41,0.12,0,0,300,"26-04"
"467",7,2020,"4",24,2020-04-24,45.4,41.3,1008.9,6.1,7.4,14,24.1,52,39.9,0.39,0,0,172,"24-04"
"468",7,2021,"4",23,2021-04-23,49.4,19.2,1014.5,10,7.5,12,22,64,36,0,0,0,357,"23-04"
"469",2,2020,"4",26,2020-04-26,48.3,39.7,1015,7.7,7.6,21,35,64.9,44.1,0,0,0,140,"26-04"
"470",6,2020,"4",30,2020-04-30,53.9,49.2,1018.1,7.5,7.7,14,31.1,60.1,46.9,0.13,0,0,173,"30-04"
"471",6,2021,"4",1,2021-04-01,48.6,37.4,1010.2,8.3,7.9,13,27,66.9,41,0.36,0,1,263,"01-04"
"472",3,2021,"4",12,2021-04-12,47.6,41.3,1007.2,7.2,8,14,27,51.1,44.6,0.43,0,0,264,"12-04"
"473",7,2020,"4",10,2020-04-10,44,25.7,995.8,10,8,18.1,32.1,59,37,0.01,0,0,115,"10-04"
"474",2,2023,"4",2,2023-04-02,47.9,22.6,1007.9,9.9,8.2,14,28,72,39.9,0.38,0,0,246,"02-04"
"475",5,2020,"4",22,2020-04-22,42.7,16.1,1009.4,10,8.3,14,26,61,36,0.18,0,0,148,"22-04"
"476",1,2020,"4",11,2020-04-11,45.7,19.7,1010.5,10,8.8,15,22,55.9,37,0,0,0,121,"11-04"
"477",7,2021,"4",2,2021-04-02,35.1,13.4,1019.9,10,9.1,14,24.1,57.9,28,0.02,0,0,283,"02-04"
"478",7,2021,"4",30,2021-04-30,65.1,46,997.3,9.7,9.2,15.9,29.9,71.1,55,0.02,0,0,331,"30-04"
"479",4,2022,"4",19,2022-04-19,44.5,34.1,1007.5,7.3,9.4,15.9,27,54,39,2.09,0,0,256,"19-04"
"480",6,2024,"4",18,2024-04-18,48.1,42.8,1018,7.6,9.5,15,28,62.1,46,0.03,0,0,232,"18-04"
"481",5,2022,"4",6,2022-04-06,47.9,44.2,1010.6,7.3,9.5,15.9,32.1,57,44.1,0.32,0,0,253,"06-04"
"482",1,2024,"4",13,2024-04-13,53.1,36.4,1002,10,9.7,15,34,59,48,0.12,0,0,226,"13-04"
"483",6,2024,"4",4,2024-04-04,42.8,34.3,995.3,8.3,9.9,25.1,44.1,53.1,37,1.49,0,0,254,"04-04"
"484",5,2024,"4",3,2024-04-03,43.1,39.8,1007.5,3.9,9.9,17.1,35,51.1,41,1.08,0,1,252,"03-04"
"485",6,2022,"4",28,2022-04-28,46.8,15.8,1015.8,10,10.1,17.1,28.9,57.9,39.9,0,0,0,348,"28-04"
"486",6,2021,"4",22,2021-04-22,41.2,17.5,1009.7,10,10.7,17.1,28.9,46.9,36,0.11,0,0,252,"22-04"
"487",5,2023,"5",24,2023-05-24,61.9,41.4,1018.9,9.8,1.5,7,15.9,77,53.1,0,0,0,274,"24-05"
"488",2,2022,"5",1,2022-05-01,57.6,29.4,1019.3,10,2.1,7,17.1,69.1,44.1,0,0,0,278,"01-05"
"489",1,2024,"5",11,2024-05-11,52.9,42.8,1010.5,9.1,2.2,6,15,64,46.9,0.03,0,0,250,"11-05"
"490",1,2021,"5",22,2021-05-22,75.8,54.4,1023,10,2.2,11.1,17.1,89.1,57.9,0,0,0,378,"22-05"
"491",5,2024,"5",1,2024-05-01,61.1,51.4,1012.6,6.9,2.5,8,15.9,78.1,52,0.05,0,0,257,"01-05"
"492",6,2022,"5",26,2022-05-26,61,49,1025.6,10,2.6,8.9,15.9,70,53.1,0,0,0,310,"26-05"
"493",5,2022,"5",4,2022-05-04,54.7,49.7,1016.3,7.4,2.8,8.9,14,64.9,50,0.05,0,0,251,"04-05"
"494",6,2024,"5",23,2024-05-23,73.7,62.8,1011.2,9.7,2.9,8.9,17.1,84,66.9,0,0,1,262,"23-05"
"495",1,2021,"5",8,2021-05-08,51.8,40,1011.1,10,2.9,8,15.9,66,48.9,0,0,0,305,"08-05"
"496",5,2024,"5",8,2024-05-08,73,57.8,1002.8,8.6,3,7,21,84,59,0,0,0,258,"08-05"
"497",1,2022,"5",28,2022-05-28,67.4,63.1,1007,8.6,3,18.1,36.9,80.1,63,0.35,0,1,293,"28-05"
"498",4,2024,"5",7,2024-05-07,69.1,50.1,1008.9,9.8,3,8,15,80.1,53.1,0,0,0,281,"07-05"
"499",2,2022,"5",22,2022-05-22,80.8,66.1,1015.3,9.7,3,7,17.1,90,62.1,0,0,0,319,"22-05"
"500",2,2021,"5",9,2021-05-09,51.9,41,1016.3,9,3.3,9.9,18.1,64.9,46,0.05,0,0,266,"09-05"
"501",6,2023,"5",11,2023-05-11,68.2,38.3,1018.9,9.8,3.4,7,14,80.1,50,0,0,0,289,"11-05"
"502",7,2022,"5",20,2022-05-20,61.1,56.4,1012.4,5.3,3.4,7,15,69.1,54,0.03,0,1,324,"20-05"
"503",5,2021,"5",5,2021-05-05,55.3,51.9,1006.7,5.6,3.4,11.1,20,73,52,0.23,0,0,339,"05-05"
"504",7,2023,"5",26,2023-05-26,62.9,35.4,1023.8,10,3.5,8.9,18.1,72,50,0,0,0,296,"26-05"
"505",5,2021,"5",26,2021-05-26,72.8,62,1016.5,9,3.5,8.9,15,86,57.9,0,0,0,333,"26-05"
"506",5,2023,"5",3,2023-05-03,51,37.1,998.4,10,3.6,7,15,57,44.1,0.19,0,0,262,"03-05"
"507",7,2024,"5",31,2024-05-31,66.9,43.6,1019.2,10,3.6,9.9,15.9,75,57,0.18,0,0,289,"31-05"
"508",7,2021,"5",14,2021-05-14,63.8,32.8,1022.5,10,3.6,8,18.1,75.9,50,0,0,0,411,"14-05"
"509",7,2020,"5",15,2020-05-15,69.7,54.8,1014.4,9.9,3.6,9.9,15,84,46.9,0.03,0,0,242,"15-05"
"510",1,2020,"5",16,2020-05-16,70.5,53.4,1014.9,9.7,3.6,8.9,18.1,84,60.1,0.05,0,0,217,"16-05"
"511",6,2022,"5",5,2022-05-05,63.4,47,1017.2,10,3.7,8,15.9,73.9,50,0.03,0,0,352,"05-05"
"512",3,2023,"5",15,2023-05-15,63.7,32.9,1022.5,10,3.7,8,17.1,73.9,52,0,0,0,265,"15-05"
"513",2,2023,"5",21,2023-05-21,63.3,52,1013.3,8.2,3.8,8.9,18.1,70,55,0.79,0,0,284,"21-05"
"514",5,2024,"5",29,2024-05-29,68,52.4,1011.8,10,3.8,13,19,79,61,0,0,0,290,"29-05"
"515",3,2023,"5",8,2023-05-08,67.3,48,1008.2,9.9,3.8,8.9,17.1,78.1,54,0.02,0,0,300,"08-05"
"516",4,2021,"5",4,2021-05-04,58.8,53.2,1007.1,7,3.8,8.9,15.9,72,51.8,0.81,0,0,345,"04-05"
"517",6,2021,"5",27,2021-05-27,73.1,57,1013.2,9.4,3.9,11.1,17.1,86,64.9,0.09,0,0,433,"27-05"
"518",7,2020,"5",8,2020-05-08,51,32.3,1008.9,8.8,3.9,9.9,19,66.9,44.1,0,0,0,177,"08-05"
"519",3,2024,"5",27,2024-05-27,68.7,66,1011.8,6.1,4,8,17.1,82,64.9,0.2,0,1,193,"27-05"
"520",3,2023,"5",29,2023-05-29,69.4,47,1016.3,10,4,15,26,79,59,0,0,0,250,"29-05"
"521",7,2022,"5",13,2022-05-13,63.2,59.5,1025,7.4,4,8.9,15,75,57.9,0,0,0,332,"13-05"
"522",6,2022,"5",12,2022-05-12,64.4,53.6,1025.2,10,4,9.9,15,75,53.1,0,0,0,308,"12-05"
"523",6,2020,"5",7,2020-05-07,54.1,31.2,1007.7,10,4.1,8.9,20,66.9,45,0.06,0,0,175,"07-05"
"524",3,2022,"5",2,2022-05-02,54.1,48.1,1017.5,6.6,4.1,8,15,69.1,46.9,0.22,0,0,282,"02-05"
"525",6,2023,"5",18,2023-05-18,53.4,27.6,1023.9,10,4.3,8,15,69.1,43,0,0,0,320,"18-05"
"526",2,2024,"5",19,2024-05-19,64.8,55.8,1015.2,9.4,4.3,8.9,17.1,75,59,0.04,0,0,248,"19-05"
"527",4,2024,"5",28,2024-05-28,71,60.2,1006.7,7.3,4.4,9.9,22.9,79,66,0.76,0,0,266,"28-05"
"528",4,2021,"5",18,2021-05-18,70.4,42.9,1025.3,10,4.4,7,15,82,55.9,0,0,0,374,"18-05"
"529",4,2023,"5",16,2023-05-16,69,37.8,1008.8,10,4.5,8.9,20,78.1,52,0,0,0,286,"16-05"
"530",5,2022,"5",18,2022-05-18,63.2,38.8,1013.5,10,4.5,8,15,77,55,0,0,0,336,"18-05"
"531",7,2020,"5",1,2020-05-01,57.6,53.5,1005.6,6.4,4.5,13,29.9,66,48.9,0.68,0,0,186,"01-05"
"532",6,2024,"5",9,2024-05-09,67.6,46.1,1005.5,10,4.6,8,15,84,61,0.21,0,0,255,"09-05"
"533",6,2024,"5",30,2024-05-30,63.3,50.1,1013.8,8.5,4.6,12,26,75.9,57,0.83,0,0,266,"30-05"
"534",4,2021,"5",11,2021-05-11,56.8,34.7,1016.3,10,4.6,8.9,19,66.9,46.9,0.03,0,0,326,"11-05"
"535",4,2023,"5",2,2023-05-02,51.3,39.3,995.5,8.9,4.6,14,20,61,44.1,0.06,0,1,244,"02-05"
"536",2,2020,"5",3,2020-05-03,66.8,46.6,1008.8,9.9,4.6,8,15.9,80.1,51.1,0.04,0,0,167,"03-05"
"537",4,2022,"5",24,2022-05-24,63.5,47.9,1024.8,10,4.6,11.1,17.1,73,60.1,0,0,0,278,"24-05"
"538",3,2021,"5",31,2021-05-31,55.1,47.2,1022,8.7,4.7,8.9,15,70,46.9,0.78,0,0,275,"31-05"
"539",2,2024,"5",5,2024-05-05,51.1,45.4,1025.3,8.3,4.7,8,15.9,63,48.9,0,0,0,250,"05-05"
"540",3,2020,"5",11,2020-05-11,53.9,38.8,1011.5,9.9,4.8,8.9,18.1,64,39,0,0,0,173,"11-05"
"541",4,2022,"5",3,2022-05-03,55.7,47.4,1020.7,9.9,4.8,8.9,15,62.1,51.1,0.01,0,0,282,"03-05"
"542",5,2024,"5",15,2024-05-15,61,57.6,1011.1,6.5,5,15,22.9,72,55,0.2,0,0,277,"15-05"
"543",3,2020,"5",4,2020-05-04,65.6,41.2,1004.8,10,5.1,13,32.1,80.1,54,0,0,0,174,"04-05"
"544",5,2020,"5",13,2020-05-13,52,22,1023.8,10,5.2,9.9,17.1,64,41,0,0,0,212,"13-05"
"545",5,2023,"5",17,2023-05-17,63.8,34.8,1005.4,10,5.2,8.9,17.1,79,54,0,0,0,330,"17-05"
"546",4,2023,"5",30,2023-05-30,62.8,45.2,1022.4,10,5.2,8.9,17.1,79,55.9,0,0,0,286,"30-05"
"547",7,2024,"5",17,2024-05-17,64.4,52.9,1013.2,9.9,5.2,13,24.1,72,57.9,0.27,0,0,252,"17-05"
"548",5,2020,"5",6,2020-05-06,50.5,37,1010.8,9.5,5.3,11.1,17.1,63,45,0,0,0,184,"06-05"
"549",7,2024,"5",3,2024-05-03,59.8,47.2,1020,10,5.3,8.9,15,79,53.1,0,0,0,265,"03-05"
"550",1,2020,"5",2,2020-05-02,62.3,38.6,1012.1,10,5.5,8.9,15.9,73,51.1,0.12,0,0,189,"02-05"
"551",2,2021,"5",23,2021-05-23,80,59,1013.9,10,5.5,11.1,21,89.1,64.9,0,0,0,330,"23-05"
"552",2,2021,"5",2,2021-05-02,66,35.2,1007.8,10,5.7,8.9,19,82,42.1,0,0,0,330,"02-05"
"553",3,2022,"5",23,2022-05-23,69.3,48.6,1020.2,10,5.8,9.9,18.1,89.1,61,0,0,0,334,"23-05"
"554",6,2021,"5",6,2021-05-06,57,38.3,1012.1,9.8,5.9,9.9,20,66,50,0.31,0,0,339,"06-05"
"555",3,2023,"5",1,2023-05-01,56.7,44.1,992,7.7,5.9,14,25.1,61,48.9,2.41,0,1,261,"01-05"
"556",3,2021,"5",24,2021-05-24,65.2,45.4,1023.1,10,6,13,24.1,88,59,0,0,0,322,"24-05"
"557",4,2022,"5",17,2022-05-17,66.2,47,1006.6,10,6.2,9.9,28.9,77,57,0.12,0,0,315,"17-05"
"558",5,2022,"5",11,2022-05-11,62.3,33.3,1025.2,10,6.2,12,22,75,51.1,0,0,0,300,"11-05"
"559",2,2020,"5",10,2020-05-10,49.4,23.8,1017.3,10,6.4,11.1,25.1,64,34,0.03,0,0,163,"10-05"
"560",7,2024,"5",10,2024-05-10,53.3,45.9,1008,9.4,6.4,14,22,70,48.9,0.2,0,0,283,"10-05"
"561",4,2020,"5",5,2020-05-05,53.2,24.2,1012.2,10,6.5,9.9,21,75,46,0,0,0,174,"05-05"
"562",6,2023,"5",25,2023-05-25,58.8,39.6,1019.3,10,6.9,9.9,22,77,50,0.08,0,0,296,"25-05"
"563",5,2021,"5",12,2021-05-12,56.6,30.4,1020,10,6.9,11.1,19,68,46,0,0,0,330,"12-05"
"564",7,2021,"5",28,2021-05-28,62.3,42.4,1017,9.2,7.2,13,20,81,50,0.02,0,0,358,"28-05"
"565",4,2020,"5",12,2020-05-12,50.6,24.8,1015.2,10,7.3,13,24.1,61,43,0.05,0,0,191,"12-05"
"566",1,2020,"5",9,2020-05-09,40.4,24.4,1008.8,8.8,7.4,14,31.1,57,34,0.48,0,0,148,"09-05"
"567",6,2024,"5",16,2024-05-16,61,57.1,1005.9,7.9,7.9,15,25.1,64,59,0.38,0,0,259,"16-05"
"568",2,2021,"5",30,2021-05-30,49.2,45,1020.9,6.5,8,14,21,51.8,46.4,0.4,0,0,256,"30-05"
"569",1,2022,"5",7,2022-05-07,48.7,46.8,1010,5.1,9,15.9,28.9,61,46,0.91,0,0,293,"07-05"
"570",1,2021,"5",1,2021-05-01,52,25.7,1009.5,10,9.3,17.1,28.9,71.1,42.1,0.03,0,0,318,"01-05"
"571",4,2022,"5",10,2022-05-10,60.9,20,1026.5,10,9.3,14,22.9,73,46.9,0,0,0,296,"10-05"
"572",3,2022,"5",9,2022-05-09,56.6,22.6,1022.5,10,9.5,15,25.1,70,45,0,0,0,295,"09-05"
"573",2,2022,"5",8,2022-05-08,50.4,32,1017.8,10,9.6,15,27,57.9,45,0.69,0,0,260,"08-05"
"574",1,2021,"5",29,2021-05-29,49.1,45.9,1015.4,6.9,10.4,17.1,29.9,51.8,46.4,1.41,0,0,242,"29-05"
"575",1,2024,"6",22,2024-06-22,81,69.8,1016.5,9.4,1.2,5.1,18.1,93.9,75.9,0,0,0,261,"22-06"
"576",3,2023,"6",12,2023-06-12,71.6,62.2,1008.2,6.4,1.3,8,15.9,82,64,0.01,0,0,289,"12-06"
"577",7,2023,"6",2,2023-06-02,74.9,55.7,1013.6,8.7,1.4,12,19,91,59,0,0,0,312,"02-06"
"578",3,2022,"6",13,2022-06-13,75.2,64.9,1012.4,9.1,1.9,8,15.9,84.9,63,0.05,0,0,319,"13-06"
"579",7,2024,"6",7,2024-06-07,73.3,62,1001.5,9.5,2,11.1,25.1,82,66.9,0.39,0,0,285,"07-06"
"580",2,2020,"6",28,2020-06-28,79.5,67.8,1006.5,9.5,2.1,6,19,90,70,0.09,0,0,240,"28-06"
"581",3,2023,"6",26,2023-06-26,73,67.8,1007.9,6.7,2.3,11.1,18.1,84.9,70,0,0,1,289,"26-06"
"582",5,2023,"6",14,2023-06-14,68.5,54.1,1002,9.5,2.4,8.9,17.1,78.1,63,0,0,0,289,"14-06"
"583",7,2021,"6",4,2021-06-04,70.2,66,1012.6,7.4,2.5,13,24.1,78.1,60.1,0.38,0,1,331,"04-06"
"584",4,2023,"6",27,2023-06-27,70.8,66.2,1005.7,5.9,2.6,8,15.9,79,66,0.52,0,0,272,"27-06"
"585",2,2022,"6",26,2022-06-26,79.6,62.4,1018.4,9.8,2.6,7,15,90,69.1,0,0,0,343,"26-06"
"586",4,2021,"6",8,2021-06-08,80.6,70.4,1017,9,2.6,11.1,20,91,72,0.07,0,0,355,"08-06"
"587",6,2022,"6",30,2022-06-30,76.6,57.4,1021.5,10,2.7,8,14,86,66,0,0,0,322,"30-06"
"588",6,2023,"6",29,2023-06-29,73.7,58.6,1014.9,7,2.7,7,15,82,64.9,0,0,0,263,"29-06"
"589",2,2021,"6",6,2021-06-06,83.5,62.2,1015.9,10,2.7,7,14,91.9,66,0,0,0,367,"06-06"
"590",2,2024,"6",23,2024-06-23,81.4,69.4,1008.1,9.4,2.9,7,22.9,93,73,0.11,0,0,251,"23-06"
"591",6,2022,"6",16,2022-06-16,67,59.9,1020.7,9.3,2.9,8.9,17.1,82.9,61,0.24,0,0,302,"16-06"
"592",5,2022,"6",15,2022-06-15,73.5,56.8,1017.3,10,3.2,8,18.1,82.9,66.9,0,0,0,361,"15-06"
"593",4,2023,"6",6,2023-06-06,68.3,42.5,1005.9,4.7,3.3,12,18.1,79,55.9,0,0,0,268,"06-06"
"594",1,2024,"6",15,2024-06-15,71.4,58,1014.1,9.9,3.3,8.9,18.1,84.9,64.9,0.28,0,0,288,"15-06"
"595",3,2020,"6",29,2020-06-29,75.7,64.8,1008.4,9.3,3.4,13,41,90,64.9,0.11,0,1,301,"29-06"
"596",2,2022,"6",5,2022-06-05,68,40.3,1014.6,10,3.4,7,15.9,80.1,57,0,0,0,299,"05-06"
"597",7,2024,"6",14,2024-06-14,75.1,65.3,1012.1,9.6,3.5,12,28.9,84.9,64.9,0,0,1,292,"14-06"
"598",1,2024,"6",29,2024-06-29,71.5,59.6,1021.2,10,3.5,9.9,20,79,64,0,0,0,212,"29-06"
"599",2,2024,"6",30,2024-06-30,76.6,72.1,1013.9,7.3,3.5,13,20,84.9,66,0.08,0,0,249,"30-06"
"600",7,2021,"6",18,2021-06-18,73.7,45.9,1015.3,10,3.6,8,15.9,84,57,0,0,0,388,"18-06"
"601",6,2022,"6",23,2022-06-23,66.2,58.9,1015.2,9.1,3.6,8,17.1,73.9,61,0.02,0,0,298,"23-06"
"602",5,2024,"6",26,2024-06-26,82.2,59.7,1007.9,10,3.7,6,18.1,93,69.1,0,0,0,289,"26-06"
"603",4,2024,"6",25,2024-06-25,78.6,50.7,1011,10,3.8,8,20,90,69.1,0,0,0,249,"25-06"
"604",5,2022,"6",22,2022-06-22,65,60.3,1017.6,7.9,3.9,8.9,18.1,80.1,62.1,0.06,0,0,265,"22-06"
"605",1,2023,"6",17,2023-06-17,67.7,53.9,1004.6,8.9,3.9,8,24.1,79,62.1,0.23,0,0,270,"17-06"
"606",3,2021,"6",28,2021-06-28,83.2,70.3,1021.9,10,4.1,8,15,91.9,73,0,0,0,379,"28-06"
"607",1,2021,"6",5,2021-06-05,74.8,62.8,1013,9.9,4.1,9.9,19,89.1,63,0.39,0,0,365,"05-06"
"608",4,2021,"6",22,2021-06-22,72.1,64.3,1004.9,9,4.2,8.9,19,86,62.1,0.01,0,0,290,"22-06"
"609",4,2023,"6",13,2023-06-13,69.4,57.2,1004.6,7.9,4.3,8.9,15,78.1,64,0.3,0,0,274,"13-06"
"610",5,2021,"6",30,2021-06-30,88.3,69.4,1015.9,10,4.3,9.9,18.1,98.1,78.1,0,0,0,362,"30-06"
"611",5,2021,"6",23,2021-06-23,64.9,45.8,1019.2,10,4.3,8.9,15,78.1,55,0.24,0,0,353,"23-06"
"612",2,2024,"6",16,2024-06-16,69.7,51,1022.3,10,4.4,8,15.9,80.1,63,0,0,0,252,"16-06"
"613",1,2021,"6",19,2021-06-19,75.8,61.2,1008.7,9.9,4.4,7,14,88,63,0.14,0,0,372,"19-06"
"614",2,2024,"6",9,2024-06-09,71.1,54.1,1003.8,10,4.4,11.1,22.9,75.9,63,0,0,0,256,"09-06"
"615",6,2024,"6",27,2024-06-27,74.2,61.6,1007.4,8.8,4.5,9.9,19,93,66.9,0.31,0,0,279,"27-06"
"616",5,2023,"6",7,2023-06-07,64.1,42.3,1003.6,2.5,4.8,9.9,18.1,79,57,0,0,0,259,"07-06"
"617",3,2024,"6",10,2024-06-10,68.1,50.8,1003.9,10,4.8,8.9,19,75,62.1,0,0,0,251,"10-06"
"618",6,2021,"6",10,2021-06-10,78.2,58.2,1015.6,10,4.9,9.9,21,90,72,0.01,0,0,370,"10-06"
"619",4,2022,"6",7,2022-06-07,69.5,53.2,1017,10,5,8.9,19,80.1,63,0,0,0,307,"07-06"
"620",7,2022,"6",17,2022-06-17,76.3,62.7,1008,9.4,5,13,24.1,88,61,0.08,0,0,369,"17-06"
"621",1,2024,"6",8,2024-06-08,69.9,52.9,1007.2,10,5.3,8.9,19,82,63,0,0,0,281,"08-06"
"622",6,2023,"6",15,2023-06-15,68.1,52.9,1002.3,10,5.4,9.9,18.1,77,61,0.14,0,0,284,"15-06"
"623",1,2023,"6",3,2023-06-03,65.8,56.9,1013.9,8.8,5.5,11.1,17.1,69.1,61,0.24,0,0,216,"03-06"
"624",3,2024,"6",24,2024-06-24,77.8,60.8,1002.8,10,5.7,14,28.9,91.9,73,0,0,0,281,"24-06"
"625",6,2022,"6",9,2022-06-09,73.8,62.6,1004.7,7.9,5.7,9.9,22.9,82,66,0.83,0,1,317,"09-06"
"626",2,2023,"6",4,2023-06-04,58.8,43.6,1016.7,10,5.8,12,19,69.1,48.9,0,0,0,256,"04-06"
"627",7,2022,"6",10,2022-06-10,69.9,49.3,1009.7,9.8,5.8,8.9,15.9,81,63,0,0,0,366,"10-06"
"628",5,2022,"6",1,2022-06-01,65.3,56.5,1014.2,9.3,6,13,18.1,93,60.1,0,0,0,312,"01-06"
"629",2,2022,"6",19,2022-06-19,62.8,38.7,1013.1,10,6.2,11.1,22.9,75,54,0,0,0,305,"19-06"
"630",1,2022,"6",18,2022-06-18,69.3,48.1,1005.4,10,7.4,13,24.1,88,62.1,0,0,0,317,"18-06"
"631",6,2023,"6",22,2023-06-22,64.9,54.1,1022,9.3,8.1,14,21,73,60.1,0,0,0,230,"22-06"
"632",5,2023,"6",21,2023-06-21,66.5,53.6,1024.3,10,9,14,20,78.1,62.1,0,0,0,268,"21-06"
"633",4,2024,"7",9,2024-07-09,81.7,71.6,1014.7,9.3,1.2,6,15,95,75,0,0,0,259,"09-07"
"634",3,2022,"7",18,2022-07-18,77.1,72.2,1013.3,6.4,1.6,8.9,21,82.9,69.1,0.84,0,1,303,"18-07"
"635",1,2023,"7",15,2023-07-15,77.7,71.4,1013.4,7.8,1.6,7,26,88,71.1,0.46,0,1,251,"15-07"
"636",3,2020,"7",6,2020-07-06,80.9,64.2,1015.7,8.6,1.6,7,20,96.1,70,0,0,0,257,"06-07"
"637",7,2020,"7",17,2020-07-17,73.8,65.6,1020.7,9.9,1.7,7,15,84,69.1,0.02,0,0,308,"17-07"
"638",3,2024,"7",15,2024-07-15,81.8,71.2,1011.6,8.5,1.9,7,17.1,91,73,0.12,0,0,268,"15-07"
"639",6,2024,"7",18,2024-07-18,77.4,66.8,1011.4,7.6,2,6,21,90,72,1.46,0,1,241,"18-07"
"640",3,2023,"7",3,2023-07-03,78.7,70.2,1009.6,8.3,2.1,7,17.1,89.1,70,0.56,0,0,274,"03-07"
"641",6,2021,"7",1,2021-07-01,76,70.5,1011.6,6.5,2.1,11.1,18.1,98.1,72,0.65,0,1,319,"01-07"
"642",5,2020,"7",22,2020-07-22,81.5,71.3,1016,9.1,2.3,18.1,29.9,91.9,72,0.03,0,1,290,"22-07"
"643",4,2021,"7",27,2021-07-27,81.4,60.8,1013.4,6.9,2.4,6,15.9,89.1,72,0,0,0,318,"27-07"
"644",6,2022,"7",28,2022-07-28,79.8,70.4,1010.4,9.8,2.4,6,14,87.1,70,0.02,0,0,298,"28-07"
"645",5,2024,"7",3,2024-07-03,74.9,52.1,1022.3,10,2.6,7,15,86,66,0,0,0,258,"03-07"
"646",6,2020,"7",30,2020-07-30,83.9,64.1,1010.8,10,2.6,6,15.9,91.9,77,0,0,0,300,"30-07"
"647",1,2022,"7",16,2022-07-16,75.5,66.3,1019.2,8.9,2.7,15.9,26,86,66,0,0,1,277,"16-07"
"648",4,2023,"7",25,2023-07-25,76.4,66.2,1018.1,8.7,2.7,9.9,21,86,69.1,0,0,0,301,"25-07"
"649",6,2021,"7",29,2021-07-29,73.3,66,1015,8.7,2.7,8.9,24.1,81,69.1,0.43,0,0,319,"29-07"
"650",1,2021,"7",10,2021-07-10,73.1,67.3,1013.8,8.8,2.7,12,22.9,84.9,68,0.5,0,0,293,"10-07"
"651",1,2022,"7",9,2022-07-09,76.4,60.9,1016.1,9.6,2.7,7,14,84.9,68,0.24,0,0,259,"09-07"
"652",5,2022,"7",13,2022-07-13,82.5,62.2,1010.1,10,2.9,5.1,15,91,70,0,0,0,307,"13-07"
"653",7,2022,"7",22,2022-07-22,85.3,63.2,1009.8,10,2.9,7,15,93.9,73.9,0.16,0,0,334,"22-07"
"654",5,2024,"7",31,2024-07-31,80.6,69.4,1012.1,10,2.9,8,15,89.1,75,0,0,0,244,"31-07"
"655",7,2020,"7",3,2020-07-03,82.4,65,1009.6,9.5,2.9,11.1,15,91.9,68,0,0,1,302,"03-07"
"656",3,2023,"7",10,2023-07-10,76.3,67.7,1007.8,8.6,3,8.9,15.9,84,71.1,0.98,0,1,264,"10-07"
"657",3,2021,"7",12,2021-07-12,77.3,72.1,1018.7,6.3,3,11.1,17.1,86,70,1.43,0,1,303,"12-07"
"658",7,2020,"7",24,2020-07-24,77,70.5,1017.4,9.8,3.1,8.9,17.1,86,72,0.02,0,1,312,"24-07"
"659",5,2021,"7",14,2021-07-14,75.2,69.2,1021,6.5,3.2,6,18.1,87.1,69.1,0,0,0,331,"14-07"
"660",3,2020,"7",13,2020-07-13,78.1,64.2,1008.3,9.8,3.3,7,14,87.1,70,0.06,0,0,290,"13-07"
"661",1,2020,"7",11,2020-07-11,76.5,72.9,1004.4,7.3,3.4,8,20,82.9,72,2.55,0,1,274,"11-07"
"662",1,2021,"7",31,2021-07-31,69,48.9,1014.8,10,3.4,9.9,17.1,82,60.1,0,0,0,353,"31-07"
"663",7,2023,"7",14,2023-07-14,78.7,69.3,1011.1,9.7,3.4,11.1,19,88,71.1,0.02,0,0,272,"14-07"
"664",1,2023,"7",29,2023-07-29,82.7,68.8,1009.7,9.9,3.5,9.9,22.9,91.9,75,0,0,0,270,"29-07"
"665",6,2022,"7",21,2022-07-21,83.6,70.8,1004.8,9.3,3.5,8.9,25.1,91.9,73.9,0,0,0,297,"21-07"
"666",7,2021,"7",9,2021-07-09,75.4,70.1,1010.2,5.4,3.6,9.9,18.1,84.9,70,3.83,0,0,346,"09-07"
"667",3,2022,"7",25,2022-07-25,82.9,71.7,1011.6,9.4,3.8,14,22.9,89.1,73,0,0,1,279,"25-07"
"668",2,2022,"7",24,2022-07-24,86,64.6,1015.3,10,3.8,7,15.9,95,78.1,0,0,0,265,"24-07"
"669",2,2021,"7",18,2021-07-18,76.5,69.9,1014.2,8.1,3.9,9.9,15.9,91,72,0.65,0,0,310,"18-07"
"670",2,2022,"7",10,2022-07-10,73.7,52.4,1017.7,10,4,8.9,15,84.9,66.9,0,0,0,250,"10-07"
"671",3,2022,"7",11,2022-07-11,73.9,56.5,1014.5,9.6,4.1,6,14,84.9,66.9,0,0,0,279,"11-07"
"672",1,2022,"7",30,2022-07-30,78.8,59.8,1015.3,9.8,4.1,9.9,18.1,87.1,72,0.1,0,0,306,"30-07"
"673",6,2021,"7",8,2021-07-08,78.9,70,1014.1,6.7,4.2,11.1,21,91,71.1,0,0,1,306,"08-07"
"674",5,2022,"7",6,2022-07-06,76.8,66.2,1010.1,8.3,4.2,8.9,15,84,69.8,0.09,0,0,290,"06-07"
"675",6,2023,"7",27,2023-07-27,82.4,69.6,1014.4,9.5,4.3,11.1,21,91.9,68,0,0,0,242,"27-07"
"676",6,2024,"7",11,2024-07-11,80.8,67.8,1012.2,9.4,4.3,8.9,18.1,91,75,0.11,0,0,267,"11-07"
"677",4,2020,"7",14,2020-07-14,77.9,59.1,1013,10,4.3,8,15,86,70,0.02,0,0,320,"14-07"
"678",3,2020,"7",27,2020-07-27,85.1,64,1010.5,10,4.4,8.9,15,93,75.9,0,0,0,320,"27-07"
"679",4,2022,"7",19,2022-07-19,80.3,67.1,1007.8,9.9,4.6,8,15,90,69.1,1.01,0,0,292,"19-07"
"680",4,2020,"7",28,2020-07-28,85.7,69,1008.2,10,4.7,12,20,93,75.9,0,0,0,298,"28-07"
"681",7,2024,"7",26,2024-07-26,75.6,52.3,1018.5,10,4.7,9.9,19,84,66.9,0,0,0,274,"26-07"
"682",3,2024,"7",1,2024-07-01,72.2,56.7,1015.6,9.3,4.7,9.9,24.1,84.9,64,0.16,0,0,247,"01-07"
"683",2,2020,"7",26,2020-07-26,83.1,67.9,1015.7,10,4.9,8.9,15.9,91.9,72,0,0,0,313,"26-07"
"684",2,2023,"7",30,2023-07-30,73,55.5,1012,10,5.1,9.9,15,89.1,66,0.06,0,0,256,"30-07"
"685",4,2022,"7",12,2022-07-12,78,63.5,1008.4,10,5.2,8.9,18.1,90,66.9,0,0,0,267,"12-07"
"686",4,2021,"7",6,2021-07-06,80.1,66.9,1014.9,8.9,5.6,12,28.9,91.9,66.9,0,0,0,326,"06-07"
"687",7,2020,"7",10,2020-07-10,75.3,71.6,1013.4,7.1,5.6,15,27,89.1,73,0,0,1,296,"10-07"
"688",4,2021,"7",13,2021-07-13,71.1,67.5,1023.2,7.1,6.1,11.1,15.9,86,69.1,1.42,0,0,298,"13-07"
"689",7,2021,"7",30,2021-07-30,74.5,61.3,1008.1,7.9,6.2,13,21,82,69.1,0.04,0,0,383,"30-07"
"690",1,2021,"7",3,2021-07-03,63.6,59.4,1008.7,8.1,6.3,12,22,79,59,0.88,0,0,291,"03-07"
"691",6,2024,"8",1,2024-08-01,82.7,67.9,1013.3,9.6,1.7,6,24.1,95,73,0.03,0,0,249,"01-08"
"692",4,2021,"8",10,2021-08-10,76.6,69.3,1020.2,9.3,1.7,9.9,24.1,84,69.1,0,0,1,331,"10-08"
"693",3,2024,"8",19,2024-08-19,73.1,67.4,1005.6,6.5,1.7,7,19,82.4,69.1,2.29,0,1,233,"19-08"
"694",5,2020,"8",12,2020-08-12,80.2,74,1015.4,7.5,2.5,7,15,88,71.6,0,0,1,293,"12-08"
"695",2,2024,"8",18,2024-08-18,74.1,69.1,1010.2,5.6,2.6,8,22,81,66.9,0.53,0,1,273,"18-08"
"696",7,2021,"8",27,2021-08-27,82.3,71.8,1018.2,8.7,2.6,13,20,93,75,0,0,1,349,"27-08"
"697",3,2024,"8",12,2024-08-12,72.9,55,1014.8,10,2.6,7,15.9,78.1,66,0,0,0,242,"12-08"
"698",4,2020,"8",18,2020-08-18,71.3,62,1010.8,8.5,2.7,8.9,20,82,63,0.34,0,0,311,"18-08"
"699",7,2020,"8",28,2020-08-28,76.1,65.9,1008.9,9.5,2.7,8.9,19,90,66,0.36,0,1,306,"28-08"
"700",1,2022,"8",20,2022-08-20,80.7,63.1,1020.2,10,2.9,8.9,15,90,69.1,0,0,0,310,"20-08"
"701",1,2024,"8",3,2024-08-03,79.8,71.6,1009.6,8.9,2.9,9.9,19,90,73.4,0.52,0,1,276,"03-08"
"702",5,2023,"8",30,2023-08-30,76,65.8,1006.5,9.7,2.9,8,17.1,82.9,68,0,0,0,258,"30-08"
"703",4,2021,"8",31,2021-08-31,79.1,65.1,1008.7,10,2.9,8,14,84.9,73,0,0,0,310,"31-08"
"704",6,2022,"8",18,2022-08-18,72.9,55.9,1012.6,9.6,3.1,13,21,87.1,62.1,0.34,0,1,283,"18-08"
"705",5,2024,"8",14,2024-08-14,75.3,57.8,1017,9.5,3.2,8.9,18.1,84.9,64,0,0,0,247,"14-08"
"706",6,2020,"8",27,2020-08-27,76.8,62.1,1009,9.8,3.2,12,24.1,90,66,0.06,0,0,343,"27-08"
"707",3,2023,"8",21,2023-08-21,79.6,62.5,1017.3,9.8,3.2,8,14,88,66,0,0,0,254,"21-08"
"708",7,2023,"8",18,2023-08-18,74.8,64.7,1007.6,9.2,3.3,11.1,25.1,80.1,64.9,0.77,0,1,296,"18-08"
"709",4,2023,"8",8,2023-08-08,73.9,66,1004.4,9.6,3.4,13,22,81,68,0.19,0,0,240,"08-08"
"710",1,2020,"8",29,2020-08-29,75.5,70.3,1003.5,10,3.4,7,15.9,84.9,71.1,0,0,0,291,"29-08"
"711",6,2023,"8",17,2023-08-17,74.7,68.6,1014,9.6,3.4,9.9,17.1,82,69.1,0,0,0,202,"17-08"
"712",7,2023,"8",11,2023-08-11,73.8,63.2,1007.2,7.8,3.5,8,15,84.9,66.9,0.48,0,0,275,"11-08"
"713",6,2021,"8",12,2021-08-12,80.9,70.3,1015.4,9.3,3.5,7,20,93,73,0.18,0,0,324,"12-08"
"714",4,2023,"8",15,2023-08-15,74.5,68.2,1009.6,7.1,3.6,11.1,17.1,80.1,69.8,0.79,0,1,254,"15-08"
"715",4,2022,"8",30,2022-08-30,79.6,69.5,1012.8,10,3.6,9.9,15,89.1,73.9,0,0,0,283,"30-08"
"716",3,2021,"8",2,2021-08-02,70.5,58,1013.3,9.7,3.6,7,15.9,80.1,63,0.04,0,0,325,"02-08"
"717",2,2023,"8",13,2023-08-13,78,66.4,1011.1,9,3.7,8.9,15.9,88,69.1,0.69,0,0,273,"13-08"
"718",1,2022,"8",13,2022-08-13,72.9,46.7,1018.3,10,3.7,8.9,15.9,84.9,64.9,0,0,0,307,"13-08"
"719",6,2021,"8",19,2021-08-19,79.5,72.1,1014.3,9.3,3.7,9.9,19,84.9,73.9,0.2,0,0,286,"19-08"
"720",2,2020,"8",2,2020-08-02,80.7,72.3,1012.8,10,3.9,8,15.9,89.1,71.1,0,0,0,286,"02-08"
"721",2,2021,"8",15,2021-08-15,76.8,55.9,1021.6,10,4,8.9,15,88,70,0,0,0,314,"15-08"
"722",2,2021,"8",22,2021-08-22,74,71.7,1009.9,3.3,4.2,9.9,17.1,82,70,4.47,0,1,257,"22-08"
"723",2,2022,"8",7,2022-08-07,83.8,71.4,1020.8,10,4.3,9.9,20,91.9,75.9,0,0,1,267,"07-08"
"724",7,2020,"8",14,2020-08-14,78.1,66.4,1016.5,9.4,4.3,8,15,86,72,0.24,0,0,344,"14-08"
"725",3,2020,"8",3,2020-08-03,82.8,66.4,1014.6,10,4.3,8,15.9,89.1,75.9,0,0,0,353,"03-08"
"726",4,2020,"8",25,2020-08-25,80.5,66.5,1010.2,9.7,4.4,18.1,29.9,90,71.1,0,0,1,286,"25-08"
"727",5,2020,"8",5,2020-08-05,78.9,65.2,1015,10,4.4,8.9,15,86,70,0.48,0,0,345,"05-08"
"728",5,2024,"8",28,2024-08-28,80.3,66,1014.7,9.9,4.4,8.9,17.1,91,66.9,0,0,0,258,"28-08"
"729",3,2021,"8",23,2021-08-23,74.4,70.2,1007.7,5.8,4.6,8,15,82.9,70,3.58,0,1,293,"23-08"
"730",5,2022,"8",31,2022-08-31,76.1,61.5,1008.6,9.3,4.6,8,15.9,89.1,69.1,0.12,0,0,293,"31-08"
"731",7,2020,"8",21,2020-08-21,74.6,62,1014.7,10,4.6,8,15,82.9,62.1,0,0,0,348,"21-08"
"732",7,2024,"8",30,2024-08-30,68.9,59.4,1024.7,9.3,4.6,11.1,17.1,82,61,0.3,0,0,285,"30-08"
"733",7,2022,"8",12,2022-08-12,78.2,52.5,1014.3,10,4.7,8,18.1,89.1,71.1,0.01,0,0,351,"12-08"
"734",4,2022,"8",9,2022-08-09,87.1,71.6,1012.4,10,4.8,11.1,20,97,78.1,0,0,0,284,"09-08"
"735",1,2023,"8",19,2023-08-19,70.7,51.6,1014,10,4.9,8.9,15,80.1,63,0,0,0,273,"19-08"
"736",5,2024,"8",21,2024-08-21,64.6,47.2,1016.6,10,4.9,8,21,73,57,0,0,0,234,"21-08"
"737",4,2022,"8",16,2022-08-16,73.8,55.2,1015.9,10,4.9,12,19,82.9,66,0,0,0,291,"16-08"
"738",3,2021,"8",9,2021-08-09,72.6,66.7,1019.9,8.3,5.1,9.9,15,81,66,0.1,0,0,339,"09-08"
"739",3,2022,"8",8,2022-08-08,85,71.2,1016,10,5.1,8,15.9,93,75.9,0.16,0,0,318,"08-08"
"740",4,2023,"8",22,2023-08-22,74.7,56.2,1017.9,10,5.1,11.1,19,88,66.9,0,0,0,231,"22-08"
"741",4,2020,"8",4,2020-08-04,74.7,70.2,1013.4,6.9,5.3,20,38.1,84,69.8,0.61,0,1,451,"04-08"
"742",1,2021,"8",28,2021-08-28,74.9,66.2,1022.6,9.9,5.3,14,22.9,93,68,0.67,0,0,303,"28-08"
"743",7,2024,"8",9,2024-08-09,75.5,72,1012.9,4.9,5.3,11.1,25.1,80.6,69.1,0.35,0,0,250,"09-08"
"744",1,2020,"8",15,2020-08-15,76.6,60.4,1015.8,10,5.4,8.9,15.9,86,71.1,0,0,0,313,"15-08"
"745",6,2024,"8",8,2024-08-08,67.1,63.8,1018.3,6.4,5.4,9.9,19,72,64,0.11,0,0,235,"08-08"
"746",4,2024,"8",20,2024-08-20,67.2,49.5,1010.9,10,5.5,11.1,19,72,62.1,0.22,0,0,246,"20-08"
"747",6,2024,"8",29,2024-08-29,76.6,63.8,1020.7,10,5.5,11.1,17.1,91,72,0,0,0,221,"29-08"
"748",2,2021,"8",8,2021-08-08,72.4,63.4,1018,8.2,5.6,14,20,87.1,66,0.11,0,0,314,"08-08"
"749",5,2020,"8",26,2020-08-26,72.3,52.7,1012.8,10,6,8.9,19,89.1,66.9,0.36,0,0,310,"26-08"
"750",5,2024,"8",7,2024-08-07,68.7,66.5,1015,4.8,6.2,12,24.1,73,64.4,2.11,0,1,224,"07-08"
"751",2,2020,"8",30,2020-08-30,74,56.3,1004.7,10,6.8,11.1,19,81,66.9,0.01,0,0,303,"30-08"
"752",6,2023,"8",31,2023-08-31,70.4,51.8,1012.3,10,6.8,12,21,82.9,64,0.27,0,0,311,"31-08"
"753",2,2020,"8",16,2020-08-16,69.4,63.5,1015.3,7.7,6.8,11.1,20,73.9,66.2,0.06,0,0,279,"16-08"
"754",5,2023,"8",9,2023-08-09,76.7,56.4,1006.2,10,6.9,9.9,19,86,69.1,0.01,0,0,261,"09-08"
"755",1,2023,"9",9,2023-09-09,75.9,70.6,1017.2,6.1,1.1,12,22,90,70,0.09,0,0,269,"09-09"
"756",2,2023,"9",10,2023-09-10,73.2,69,1018.7,7.6,1.7,8,15.9,84,69.1,0.02,0,1,242,"10-09"
"757",3,2024,"9",9,2024-09-09,64.8,43.6,1018.4,10,2.1,8,17.1,75,55,0,0,0,290,"09-09"
"758",3,2023,"9",4,2023-09-04,80.5,66.8,1011.3,9.9,2.1,6,15.9,89.1,68,0,0,0,265,"04-09"
"759",4,2022,"9",13,2022-09-13,75,68.7,1007.4,7,2.1,8,18.1,82,68,0.95,0,1,326,"13-09"
"760",5,2021,"9",8,2021-09-08,75.2,64.7,1011.5,10,2.5,8,15.9,82,64.9,0,0,0,334,"08-09"
"761",2,2020,"9",13,2020-09-13,67.7,60,1021.3,10,2.5,7,15.9,73.9,61,0,0,0,245,"13-09"
"762",6,2022,"9",1,2022-09-01,76.9,49.4,1012.4,10,2.8,5.1,14,86,69.1,0,0,0,302,"01-09"
"763",7,2024,"9",27,2024-09-27,69.7,63.3,1016.2,9.3,2.9,8.9,17.1,73.9,63,0.26,0,0,258,"27-09"
"764",1,2024,"9",7,2024-09-07,68.6,62,1012,8.9,3,9.9,19,78.1,62.1,0.04,0,1,234,"07-09"
"765",4,2020,"9",22,2020-09-22,59.4,36.3,1021.4,10,3.1,6,15.9,71.1,48,0,0,0,307,"22-09"
"766",4,2020,"9",1,2020-09-01,70.9,63.8,1019.4,8.5,3.3,8,15,77,63,0.12,0,0,337,"01-09"
"767",3,2024,"9",2,2024-09-02,73.3,55,1014.5,10,3.4,5.1,20,81,66,0,0,0,236,"02-09"
"768",3,2020,"9",14,2020-09-14,71.8,57.5,1018.4,10,3.5,7,18.1,75,61,0,0,0,289,"14-09"
"769",6,2024,"9",5,2024-09-05,68.3,52.4,1028.5,10,3.5,8.9,15,77,59,0,0,0,281,"05-09"
"770",4,2022,"9",20,2022-09-20,71.8,60.2,1011.4,10,3.7,8,15.9,84.9,66.9,0.14,0,0,288,"20-09"
"771",3,2022,"9",19,2022-09-19,75.7,60.4,1013.3,9.4,3.8,8,20,84.9,66.9,0,0,0,294,"19-09"
"772",4,2023,"9",19,2023-09-19,64.6,53.8,1012.4,10,3.9,8,15,72,57.9,0.83,0,0,285,"19-09"
"773",7,2020,"9",4,2020-09-04,75.6,64.6,1011.1,7.1,3.9,8.9,15,84.9,69.1,0.71,0,0,383,"04-09"
"774",4,2020,"9",15,2020-09-15,60.3,41.7,1025.7,10,3.9,9.9,19,75,54,0,0,0,301,"15-09"
"775",3,2020,"9",21,2020-09-21,56.8,34.7,1033.7,10,4,8.9,19,64.9,48.9,0,0,0,310,"21-09"
"776",2,2024,"9",8,2024-09-08,61.7,46.6,1014.3,10,4,6,15,75.9,55,0.2,0,0,215,"08-09"
"777",3,2024,"9",30,2024-09-30,63.9,56.4,1017,9.5,4,8.9,15.9,72,60.1,0.67,0,0,240,"30-09"
"778",7,2020,"9",11,2020-09-11,73.4,65.9,1021.1,8,4,8.9,15.9,75.9,69.8,0.91,0,1,351,"11-09"
"779",2,2022,"9",18,2022-09-18,73.4,60.4,1018.7,10,4.1,9.9,17.1,82.9,64,0,0,0,295,"18-09"
"780",2,2021,"9",26,2021-09-26,66.2,49.2,1012.1,10,4.2,8.9,18.1,75,57,0,0,0,314,"26-09"
"781",1,2022,"9",17,2022-09-17,68.7,53.1,1023.7,10,4.3,7,14,75.9,57,0,0,0,262,"17-09"
"782",6,2024,"9",19,2024-09-19,74.4,57.7,1012.8,10,4.5,8.9,15,84,66.9,0,0,0,279,"19-09"
"783",7,2021,"9",24,2021-09-24,65.2,55,1017.3,8.1,4.5,8.9,20,79,57,2.03,0,1,383,"24-09"
"784",4,2024,"9",3,2024-09-03,65.9,42.2,1025.3,10,4.5,7,15.9,79,57.9,0,0,0,233,"03-09"
"785",4,2024,"9",24,2024-09-24,62.1,52.5,1019.7,9.7,4.5,11.1,15.9,66.9,59,0.04,0,0,242,"24-09"
"786",3,2024,"9",16,2024-09-16,67.1,52.5,1026.6,10,4.5,9.9,14,80.1,60.1,0,0,0,302,"16-09"
"787",3,2021,"9",6,2021-09-06,74.2,61.8,1009,9.5,4.7,8.9,15.9,81,66.9,0.02,0,0,299,"06-09"
"788",1,2022,"9",24,2022-09-24,57.2,37.9,1015.6,10,4.7,9.9,21,69.1,48.9,0,0,0,287,"24-09"
"789",5,2024,"9",18,2024-09-18,70.1,59.4,1018.7,10,4.9,8.9,15,79,64.9,0,0,0,239,"18-09"
"790",6,2022,"9",29,2022-09-29,60.7,45.4,1026.3,10,4.9,11.1,19,69.1,53.1,0,0,0,315,"29-09"
"791",5,2020,"9",23,2020-09-23,67.3,45.6,1011.5,10,5,12,19,79,48,0,0,0,356,"23-09"
"792",7,2023,"9",22,2023-09-22,64.7,53.8,1026.8,10,5.2,12,18.1,71.1,57,0,0,0,284,"22-09"
"793",5,2022,"9",14,2022-09-14,71.5,53.8,1012.7,10,5.2,8,17.1,82,62.1,0.41,0,0,308,"14-09"
"794",3,2022,"9",26,2022-09-26,64.7,54.1,1004.8,9.2,5.3,8,18.1,73.9,57.9,1.11,0,1,260,"26-09"
"795",7,2020,"9",18,2020-09-18,66.6,54.4,1014.5,10,5.4,9.9,18.1,75,61,0,0,0,341,"18-09"
"796",1,2023,"9",16,2023-09-16,66.3,46.7,1013.1,10,5.4,9.9,19,75,57.9,0,0,0,289,"16-09"
"797",5,2021,"9",1,2021-09-01,73,64.3,1008.7,7.9,5.5,15,28,82.9,66.9,0.07,0,1,319,"01-09"
"798",2,2024,"9",22,2024-09-22,66.8,52.1,1016.1,10,5.5,8.9,15.9,79,61,0,0,0,236,"22-09"
"799",1,2023,"9",30,2023-09-30,60.9,56.3,1020.7,8.9,5.6,8,15.9,66,57,4.47,0,0,248,"30-09"
"800",6,2023,"9",28,2023-09-28,59.1,52.4,1025,9.2,5.6,11.1,15.9,64.9,50,0,0,0,306,"28-09"
"801",5,2020,"9",30,2020-09-30,66.6,58.7,1006.4,7.2,5.6,9.9,24.1,73.9,60.1,1.61,0,1,347,"30-09"
"802",7,2024,"9",20,2024-09-20,73.4,59,1012.9,10,5.6,11.1,18.1,84,66.9,0,0,0,261,"20-09"
"803",1,2024,"9",21,2024-09-21,69.5,55.5,1015.5,10,5.6,9.9,15.9,81,63,0,0,0,248,"21-09"
"804",2,2024,"9",29,2024-09-29,61.4,58.7,1016.1,5.7,5.7,11.1,20,68,60.1,0.32,0,0,269,"29-09"
"805",2,2020,"9",20,2020-09-20,56.1,29.3,1031.4,10,5.7,8.9,15.9,64.9,50,0,0,0,275,"20-09"
"806",7,2023,"9",15,2023-09-15,63.7,48.5,1017.8,10,5.8,8.9,19,77,57.9,0,0,0,273,"15-09"
"807",7,2021,"9",10,2021-09-10,68.6,54.4,1010.9,10,5.8,8.9,20,75.9,63,0.22,0,0,352,"10-09"
"808",6,2022,"9",22,2022-09-22,69.6,59.3,1005,8.8,5.9,15,25.1,80.1,60.1,0.07,0,1,279,"22-09"
"809",3,2024,"9",23,2024-09-23,64,50.3,1017.8,9.9,6,11.1,18.1,73.9,60.1,0,0,0,257,"23-09"
"810",5,2022,"9",7,2022-09-07,68,63.1,1015.7,8.5,6.1,11.1,19,73.9,64.9,0.66,0,0,261,"07-09"
"811",7,2023,"9",29,2023-09-29,61.5,57.5,1021.3,4.4,6.1,13,21,64.9,55.9,1.39,0,1,318,"29-09"
"812",5,2023,"9",27,2023-09-27,57.5,46.4,1027.1,10,6.2,13,22,64,50,0.17,0,0,294,"27-09"
"813",1,2024,"9",28,2024-09-28,65.2,60.4,1014.4,7.1,6.4,13,22,69.1,60.8,0.05,0,0,254,"28-09"
"814",6,2021,"9",9,2021-09-09,71.6,66.6,1008.2,7.4,6.7,19,24.1,82,69.1,0.04,0,0,294,"09-09"
"815",4,2023,"9",26,2023-09-26,58.9,54.1,1025.2,6.3,6.9,13,19,66,57,0.28,0,0,272,"26-09"
"816",1,2020,"9",19,2020-09-19,57.2,30.7,1024.8,10,6.9,13,22.9,70,50,0,0,0,330,"19-09"
"817",6,2021,"9",2,2021-09-02,67.6,55.7,1008.4,7.8,7.2,19,34,78.1,61,7.12,0,1,365,"02-09"
"818",3,2023,"9",25,2023-09-25,63.1,58.7,1017.1,3.3,7.8,15,32.1,66,59,1.42,0,0,236,"25-09"
"819",7,2022,"9",23,2022-09-23,57.2,37.8,1011.3,10,8.3,12,21,75,51.1,0.4,0,0,322,"23-09"
"820",1,2023,"9",23,2023-09-23,60.1,54,1022.4,6.9,9.6,14,24.1,71.1,57,0.02,0,0,257,"23-09"
"821",2,2023,"9",24,2023-09-24,63.2,59.7,1015.9,4.6,11,14,27,66,57,1.11,0,1,279,"24-09"
"822",5,2023,"10",11,2023-10-11,60.9,45.4,1010.7,10,1.8,7,15,69.1,52,0,0,0,280,"11-10"
"823",1,2022,"10",15,2022-10-15,58.9,45.2,1016,10,2,7,14,68,50,0.19,0,0,275,"15-10"
"824",5,2024,"10",9,2024-10-09,61.2,38.2,1012.5,10,2.1,8,19,68,53.1,0,0,0,252,"09-10"
"825",4,2020,"10",6,2020-10-06,62.2,50.8,1019.4,10,2.2,5.1,14,70,53.1,0,0,0,325,"06-10"
"826",2,2020,"10",18,2020-10-18,53.3,40.8,1030.6,10,2.5,8.9,18.1,62.1,44.1,0.01,0,0,305,"18-10"
"827",4,2020,"10",27,2020-10-27,56.6,51.2,1020.5,6.7,2.6,7,14,59,51.1,0.02,0,1,262,"27-10"
"828",6,2023,"10",26,2023-10-26,67.2,48.6,1023.1,10,2.6,9.9,18.1,77,53.1,0,0,0,299,"26-10"
"829",1,2020,"10",24,2020-10-24,64.2,56.9,1014.2,9.9,2.9,8,17.1,69.1,57,0,0,0,301,"24-10"
"830",7,2020,"10",16,2020-10-16,59,55,1017.1,7.8,3,9.9,15.9,66,50,0,0,1,304,"16-10"
"831",6,2021,"10",21,2021-10-21,66.6,50.1,1015.3,10,3,8,15.9,75,55.9,0,0,0,371,"21-10"
"832",6,2022,"10",13,2022-10-13,65.1,58.3,1014,9.4,3.1,8.9,19,70,57,0,0,0,304,"13-10"
"833",3,2022,"10",17,2022-10-17,60,48.5,1007,9.8,3.1,8.9,15,66,55.9,0.02,0,0,263,"17-10"
"834",1,2024,"10",5,2024-10-05,67.4,52.2,1020.5,10,3.3,8.9,18.1,75,60.1,0,0,0,272,"05-10"
"835",4,2023,"10",10,2023-10-10,57.2,45.1,1009.4,10,3.3,9.9,15,63,48.9,0.02,0,0,282,"10-10"
"836",2,2021,"10",31,2021-10-31,58.3,53.4,1001.5,7.6,3.4,9.9,18.1,64,53.1,0.1,0,0,362,"31-10"
"837",2,2023,"10",1,2023-10-01,66.5,56.7,1021.7,9.7,3.6,8,14,75.9,57,0.04,0,0,245,"01-10"
"838",3,2023,"10",30,2023-10-30,55.1,51.7,1010,4.8,3.7,8.9,19,63,51.1,1.05,0,0,283,"30-10"
"839",1,2023,"10",7,2023-10-07,66.1,62.1,1008.1,6.5,3.7,9.9,17.1,71.1,57,0.03,0,0,270,"07-10"
"840",1,2021,"10",16,2021-10-16,70,60.5,1008.1,9.6,3.7,13,28,79,63,0,0,0,339,"16-10"
"841",7,2022,"10",14,2022-10-14,58.6,48.5,1011.5,7.6,3.8,12,19,69.1,52,0.99,0,0,347,"14-10"
"842",1,2023,"10",21,2023-10-21,60.1,54.7,992.9,5.7,3.9,11.1,21,63,57,0.83,0,1,285,"21-10"
"843",3,2020,"10",26,2020-10-26,53.4,50.9,1022.9,5.3,3.9,8.9,15,57.9,45,0.02,0,0,314,"26-10"
"844",6,2020,"10",1,2020-10-01,64.3,50.3,1012.1,10,4,8,18.1,72,60.1,1.14,0,0,332,"01-10"
"845",2,2024,"10",13,2024-10-13,61.7,42.4,1011.9,10,4,7,15,73.9,55,0,0,0,163,"13-10"
"846",4,2023,"10",31,2023-10-31,49.1,34.8,1017.1,10,4,9.9,15.9,60.1,45,0.59,0,0,274,"31-10"
"847",5,2023,"10",25,2023-10-25,60.9,45.5,1025.4,10,4,7,15.9,72,46.9,0,0,0,292,"25-10"
"848",7,2021,"10",22,2021-10-22,64.8,52,1010.8,10,4,8.9,15.9,73,59,0,0,0,381,"22-10"
"849",6,2020,"10",15,2020-10-15,63.3,51.4,1015.6,10,4.3,8.9,21,71.1,50,0,0,0,311,"15-10"
"850",1,2020,"10",10,2020-10-10,64.1,52.1,1016.6,10,4.7,8,18.1,71.1,50,0,0,0,277,"10-10"
"851",2,2022,"10",23,2022-10-23,57.5,46.7,1025.1,10,4.8,11.1,18.1,66,48.9,0,0,0,241,"23-10"
"852",3,2024,"10",7,2024-10-07,67,51.8,1010.7,10,4.8,8.9,18.1,75,55,0,0,0,220,"07-10"
"853",6,2022,"10",27,2022-10-27,60.8,45,1016.2,10,4.8,11.1,19,72,55.9,0,0,0,315,"27-10"
"854",4,2021,"10",19,2021-10-19,54.2,38.7,1015.1,10,4.8,8.9,18.1,66,46.9,0,0,0,302,"19-10"
"855",5,2022,"10",19,2022-10-19,47.8,31.8,1009.2,10,4.9,9.9,15.9,55.9,42.1,0,0,0,286,"19-10"
"856",3,2024,"10",14,2024-10-14,58.3,46.1,1003.8,8.8,4.9,13,28,69.1,50,0,0,0,149,"14-10"
"857",6,2022,"10",20,2022-10-20,50.5,32.2,1014.3,10,5,8.9,15.9,57,42.1,0,0,0,299,"20-10"
"858",1,2024,"10",12,2024-10-12,64.8,38.2,1012.8,10,5,8.9,19,73.9,46,0,0,0,185,"12-10"
"859",2,2020,"10",11,2020-10-11,64.8,54.5,1017.3,10,5.1,8.9,18.1,71.1,57.9,0,0,0,248,"11-10"
"860",4,2021,"10",26,2021-10-26,60.2,57.8,997.7,5.7,5.2,12,25.1,73,55,2.38,0,0,323,"26-10"
"861",4,2024,"10",1,2024-10-01,63.8,54.8,1017.6,10,5.3,11.1,17.1,72,60.1,0,0,0,227,"01-10"
"862",4,2024,"10",15,2024-10-15,50.2,32.8,1011.3,10,5.3,9.9,18.1,66,45,0,0,0,181,"15-10"
"863",5,2022,"10",5,2022-10-05,56.1,53.4,1012.7,7.4,5.4,9.9,17.1,59,46,0.58,0,0,244,"05-10"
"864",2,2020,"10",25,2020-10-25,49.5,35,1022,10,5.6,8.9,15,69.1,45,0,0,0,281,"25-10"
"865",2,2023,"10",15,2023-10-15,53.6,43.3,1000,10,5.6,8,17.1,60.1,48.9,0.82,0,0,285,"15-10"
"866",2,2021,"10",17,2021-10-17,57.3,48.4,1008.8,9,5.7,8,15.9,75.9,53.1,0.25,0,0,319,"17-10"
"867",6,2020,"10",29,2020-10-29,52.4,48,1011.4,6.6,5.7,13,26,57,46.9,0.1,0,0,334,"29-10"
"868",2,2023,"10",29,2023-10-29,57.5,48.7,1019,8.4,5.7,12,19,80.1,52,0.01,0,0,247,"29-10"
"869",7,2022,"10",28,2022-10-28,51.3,33.5,1031.3,10,5.8,11.1,17.1,64.9,45,0,0,0,302,"28-10"
"870",3,2021,"10",18,2021-10-18,53.2,39.7,1010.9,9.9,5.8,13,25.1,61,48.9,0,0,0,318,"18-10"
"871",6,2024,"10",10,2024-10-10,55.5,35.4,1016.4,10,6,9.9,21,68,48.9,0,0,0,270,"10-10"
"872",3,2023,"10",23,2023-10-23,52,36.9,1017.5,10,6,11.1,19,60.1,46.9,0,0,0,283,"23-10"
"873",1,2021,"10",30,2021-10-30,57.4,53.3,1003.4,7,6.3,13,28.9,64,46.9,0.92,0,0,352,"30-10"
"874",2,2023,"10",22,2023-10-22,54.7,40.1,1001.8,10,6.5,13,22,63,51.1,0.55,0,0,263,"22-10"
"875",2,2023,"10",8,2023-10-08,54.7,43.5,1004.1,10,6.5,11.1,22,69.1,50,0.34,0,0,225,"08-10"
"876",4,2020,"10",13,2020-10-13,55.3,53.5,1012.7,4.7,6.7,11.1,18.1,57.9,48.9,0.94,0,0,323,"13-10"
"877",1,2021,"10",9,2021-10-09,64.4,56.4,1023,10,6.7,13,20,75.9,60.1,0,0,0,268,"09-10"
"878",7,2021,"10",29,2021-10-29,53,43.5,1012.1,10,6.8,13,24.1,57,46.9,0,0,0,357,"29-10"
"879",3,2022,"10",24,2022-10-24,57.2,52.8,1021.8,6,6.9,9.9,20,61,54,0.16,0,0,296,"24-10"
"880",5,2020,"10",7,2020-10-07,65.3,51.4,1008.4,9.8,6.9,11.1,24.1,73.9,57,0,0,0,308,"07-10"
"881",3,2021,"10",11,2021-10-11,64.8,57.8,1018.6,10,7,13,21,71.1,61,0.1,0,0,297,"11-10"
"882",3,2020,"10",12,2020-10-12,53.6,50,1021.8,6.1,7.2,14,25.1,66.9,48.9,0.2,0,0,323,"12-10"
"883",5,2021,"10",27,2021-10-27,57.3,49.9,1003.4,8.4,7.4,13,20,60.1,53.6,1.28,0,0,323,"27-10"
"884",6,2020,"10",8,2020-10-08,59.8,39.9,1012.7,10,7.4,11.1,20,73.9,55,0.02,0,0,332,"08-10"
"885",7,2020,"10",30,2020-10-30,42.4,39.1,1010.8,6.7,7.7,13,24.1,55.9,37.9,1.93,0,0,394,"30-10"
"886",4,2022,"10",4,2022-10-04,49.8,47.2,1016.8,6.3,8.1,13,22,55.4,46,1.96,0,0,270,"04-10"
"887",1,2022,"10",1,2022-10-01,57,52,1018,8.2,8.2,14,22.9,62.1,51.1,0.34,0,0,328,"01-10"
"888",2,2021,"10",10,2021-10-10,63,58.3,1022.2,8.5,8.9,13,20,66.9,60.1,0.01,0,0,269,"10-10"
"889",2,2022,"10",2,2022-10-02,58.4,46.8,1017.3,9.9,10.1,14,24.1,61,51.1,0.25,0,0,246,"02-10"
"890",3,2022,"10",3,2022-10-03,50.8,37.7,1022.6,9.4,10.2,17.1,26,60.1,48,0.01,0,0,324,"03-10"
"891",7,2022,"11",11,2022-11-11,62.6,57.5,1019.4,7.6,2.1,8,20,66.9,46.9,0,0,0,310,"11-11"
"892",5,2021,"11",10,2021-11-10,59.5,41.1,1017.4,9.8,2.3,9.9,15.9,68,50,0,0,0,346,"10-11"
"893",6,2023,"11",16,2023-11-16,53.2,35.8,1023.9,10,3,7,15,64.9,39,0,0,0,281,"16-11"
"894",1,2023,"11",25,2023-11-25,35.1,16.3,1028.4,10,3.2,9.9,18.1,51.1,30,0,0,0,211,"25-11"
"895",1,2021,"11",20,2021-11-20,41.1,25.4,1032.7,10,3.3,8,15,48,35.1,0.01,0,0,305,"20-11"
"896",1,2021,"11",13,2021-11-13,52.4,38.8,1009.8,9.6,3.4,14,35,64.9,42.1,0.48,0,1,335,"13-11"
"897",5,2021,"11",3,2021-11-03,45.8,31.9,1023.4,10,3.5,8.9,15,53.1,41,0,0,0,321,"03-11"
"898",5,2022,"11",23,2022-11-23,48.2,22,1022.5,10,3.5,8,15,55,37,0,0,0,297,"23-11"
"899",2,2020,"11",1,2020-11-01,49.3,39.7,1021.8,8.8,3.6,11.1,20,55,32,0,0,0,308,"01-11"
"900",2,2021,"11",14,2021-11-14,42.7,30.8,1012.1,10,3.6,11.1,20,46.9,37.9,0.33,0,0,269,"14-11"
"901",2,2022,"11",6,2022-11-06,69.6,61.6,1022.4,10,3.8,7,15,75.9,64,0,0,0,232,"06-11"
"902",7,2023,"11",10,2023-11-10,51,34.5,1018.4,10,3.8,8,15.9,57,42.1,0,0,0,217,"10-11"
"903",6,2020,"11",19,2020-11-19,37.1,18.5,1034.4,10,3.8,8,15.9,48,30,0,0,0,279,"19-11"
"904",6,2020,"11",5,2020-11-05,57.8,47.8,1029.7,9.5,3.9,8,18.1,66.9,39.9,0,0,0,357,"05-11"
"905",4,2023,"11",7,2023-11-07,57.5,49.1,1009.9,9,3.9,8,17.1,64,44.1,0.06,0,0,238,"07-11"
"906",1,2020,"11",21,2020-11-21,57.8,35.5,1025.9,10,3.9,9.9,15.9,64,45,0,0,0,314,"21-11"
"907",6,2023,"11",2,2023-11-02,41.5,25.2,1029.5,10,4,9.9,17.1,48,35.1,0.01,0,0,232,"02-11"
"908",1,2020,"11",14,2020-11-14,48.2,32.6,1019.2,10,4,8,17.1,52,44.1,0.17,0,0,298,"14-11"
"909",6,2020,"11",26,2020-11-26,58.6,50.7,1017.6,8.2,4.1,8.9,15,64.9,45,0.71,0,0,203,"26-11"
"910",1,2020,"11",28,2020-11-28,51.4,35.4,1015.1,10,4.1,8,15,63,48,0,0,0,239,"28-11"
"911",4,2020,"11",10,2020-11-10,65.5,55.5,1022.7,9.7,4.1,8,15,75,54,0,0,0,343,"10-11"
"912",6,2021,"11",18,2021-11-18,59.6,48.6,1016.9,9.9,4.1,7,15,69.1,55,0,0,0,351,"18-11"
"913",5,2021,"11",24,2021-11-24,36.2,17.2,1024.7,10,4.2,8.9,18.1,45,30,0,0,0,368,"24-11"
"914",7,2020,"11",13,2020-11-13,48.5,43.6,1016.3,6.3,4.3,9.9,15.9,50,46.9,0.14,0,0,391,"13-11"
"915",2,2022,"11",13,2022-11-13,53.5,42.2,1010.1,9.9,4.3,9.9,21,69.1,46,0.02,0,0,237,"13-11"
"916",4,2021,"11",30,2021-11-30,35.7,22.7,1015.5,10,4.3,8,15,45,30.9,0,0,0,282,"30-11"
"917",7,2022,"11",18,2022-11-18,38.8,20.7,1018.4,10,4.4,8,18.1,46,34,0,0,0,285,"18-11"
"918",6,2020,"11",12,2020-11-12,59.9,56.7,1014.7,5.8,4.4,8.9,19,72,46,0.9,0,0,327,"12-11"
"919",5,2022,"11",30,2022-11-30,47.9,41,1018,8.6,4.4,14,24.1,57.9,36,0,0,0,279,"30-11"
"920",2,2022,"11",27,2022-11-27,51.4,35.1,1010.9,8,4.5,8.9,15,57,42.1,0,0,0,238,"27-11"
"921",3,2023,"11",20,2023-11-20,41.9,20.8,1024.8,10,4.5,12,20,55,37,0,0,0,316,"20-11"
"922",1,2022,"11",12,2022-11-12,67.2,58.6,1003.3,8,4.6,8.9,18.1,69.1,59,0.96,0,0,270,"12-11"
"923",4,2023,"11",14,2023-11-14,47.5,30.8,1023.4,10,4.7,8.9,19,53.1,35.1,0,0,0,266,"14-11"
"924",5,2023,"11",8,2023-11-08,49.4,28.4,1016.1,10,4.8,8.9,20,64,43,0,0,0,267,"08-11"
"925",6,2023,"11",30,2023-11-30,40.5,18.5,1019.5,10,4.8,8,17.1,51.1,27,0,0,0,271,"30-11"
"926",3,2020,"11",30,2020-11-30,55.5,45.6,1010.4,6.6,4.8,13,28,63,41,0,0,1,301,"30-11"
"927",3,2022,"11",7,2022-11-07,71.3,52.5,1021.3,10,4.8,8,15,77,66,0,0,0,280,"07-11"
"928",3,2021,"11",29,2021-11-29,39.3,26.7,1011.3,10,4.9,9.9,18.1,45,33.1,0,0,0,323,"29-11"
"929",5,2023,"11",22,2023-11-22,50.8,45.9,1008,6.1,5,9.9,24.1,54,33.1,2.49,0,0,295,"22-11"
"930",5,2023,"11",29,2023-11-29,32,12.7,1017.9,10,5,9.9,19,41,27,0,0,0,239,"29-11"
"931",4,2022,"11",15,2022-11-15,40.1,24.7,1029.9,9.8,5,11.1,19,46,35.1,0,0,0,298,"15-11"
"932",4,2022,"11",22,2022-11-22,42.7,21.5,1025.9,10,5,9.9,19,51.1,27,0,0,0,306,"22-11"
"933",1,2023,"11",18,2023-11-18,56.1,41.8,1007.7,10,5,12,18.1,66.9,46,0,0,0,282,"18-11"
"934",3,2021,"11",1,2021-11-01,55.7,41.1,1014.6,10,5.1,11.1,18.1,63,53.1,0.04,0,0,331,"01-11"
"935",3,2021,"11",22,2021-11-22,49.8,40.8,1011.9,9.7,5.1,8.9,18.1,55.9,41,0.03,0,0,314,"22-11"
"936",5,2023,"11",1,2023-11-01,45.8,31.3,1016.4,10,5.1,9.9,21,51.1,42.1,0,0,0,257,"01-11"
"937",5,2022,"11",9,2022-11-09,47,24.8,1036.8,10,5.1,12,20,57.9,39.9,0,0,0,259,"09-11"
"938",7,2023,"11",24,2023-11-24,47,27.9,1018.7,10,5.1,11.1,19,52,39,0,0,0,222,"24-11"
"939",3,2021,"11",15,2021-11-15,43.5,33.6,1009,9.9,5.2,11.1,20,48,37.9,0.02,0,0,343,"15-11"
"940",7,2020,"11",20,2020-11-20,51.2,32,1027.5,10,5.3,11.1,19,63,30,0,0,0,358,"20-11"
"941",6,2023,"11",23,2023-11-23,49.2,35.7,1009.1,10,5.3,11.1,22,54,44.1,1.93,0,0,197,"23-11"
"942",4,2020,"11",17,2020-11-17,45.7,25.8,1014.5,10,5.4,12,19,55,41,0,0,0,261,"17-11"
"943",7,2022,"11",25,2022-11-25,50.1,40.3,1015.4,8.8,5.5,12,25.1,55,39.9,0,0,0,233,"25-11"
"944",4,2020,"11",24,2020-11-24,44.1,26.5,1024.5,10,5.5,11.1,17.1,60.1,41,0.15,0,0,324,"24-11"
"945",2,2020,"11",15,2020-11-15,49.7,36,1019.7,10,5.5,12,32.1,62.1,41,0,0,0,251,"15-11"
"946",3,2022,"11",21,2022-11-21,33,9.8,1028.6,10,5.6,9.9,18.1,41,27,0,0,0,306,"21-11"
"947",4,2022,"11",8,2022-11-08,54.1,24.9,1031.5,10,5.6,8.9,17.1,77,46.9,0,0,0,231,"08-11"
"948",7,2021,"11",12,2021-11-12,61.5,55.8,1016.4,8,5.6,12,26,64.9,45,0.01,0,1,353,"12-11"
"949",7,2021,"11",26,2021-11-26,45.4,32.6,1005.3,9,5.7,15,28,55.9,39,0.07,0,0,261,"26-11"
"950",4,2021,"11",16,2021-11-16,42.3,27.3,1018.4,10,5.8,8,17.1,48.9,36,0,0,0,315,"16-11"
"951",3,2022,"11",14,2022-11-14,41.5,24.4,1023.9,10,5.8,11.1,17.1,45,37.9,0.03,0,0,264,"14-11"
"952",3,2023,"11",27,2023-11-27,48.4,39.1,1006,9,6,13,25.1,55.9,35.1,0.36,0,0,265,"27-11"
"953",4,2023,"11",21,2023-11-21,40,24.5,1031.5,10,6,9.9,19,46.9,33.1,0,0,0,360,"21-11"
"954",1,2022,"11",19,2022-11-19,36,18,1021.6,10,6.2,9.9,20,44.1,30.9,0,0,0,319,"19-11"
"955",3,2020,"11",23,2020-11-23,53.3,44.5,1015.8,8.2,6.3,17.1,29.9,60.8,43,0.39,0,0,298,"23-11"
"956",2,2020,"11",22,2020-11-22,48.5,35.2,1029.5,10,6.4,8.9,17.1,64,44.1,0,0,0,222,"22-11"
"957",3,2020,"11",16,2020-11-16,52,30.8,1011.7,9.6,6.7,20,35.9,64,41,0.07,0,0,305,"16-11"
"958",6,2022,"11",17,2022-11-17,40.9,25.3,1013.4,10,6.8,11.1,22,50,37,0.02,0,0,290,"17-11"
"959",3,2022,"11",28,2022-11-28,52.9,42.4,1002.8,9.4,6.8,12,24.1,60.1,46,0.7,0,1,254,"28-11"
"960",1,2022,"11",26,2022-11-26,48.4,25.5,1015,10,7,12,26,57,42.1,0.02,0,0,247,"26-11"
"961",5,2022,"11",16,2022-11-16,43.6,37.5,1014.8,6.9,7.2,12,22,50,35.1,0.82,0,0,303,"16-11"
"962",2,2022,"11",20,2022-11-20,35.4,12,1018.5,10,7.2,14,26,39.9,30.9,0,0,0,249,"20-11"
"963",4,2021,"11",23,2021-11-23,36.7,17.1,1015.2,10,7.5,14,24.1,55,32,0.02,0,0,340,"23-11"
"964",7,2021,"11",19,2021-11-19,46.7,30.8,1021.3,9.4,7.7,14,21,69.1,39.9,0.1,0,0,349,"19-11"
"965",4,2023,"11",28,2023-11-28,35.9,16.2,1010.3,10,7.9,13,22,55.9,33.1,0.08,0,0,229,"28-11"
"966",4,2020,"11",3,2020-11-03,45.7,25.8,1014.2,10,8,12,25.1,53.1,37.9,0,0,0,285,"03-11"
"967",1,2021,"11",27,2021-11-27,36.7,19.7,1009,10,8.4,17.1,27,46.9,35.1,0.06,0,0,264,"27-11"
"968",5,2020,"11",18,2020-11-18,34.8,15,1027.5,10,9.1,15,27,50,32,0,0,0,295,"18-11"
"969",3,2020,"11",2,2020-11-02,43,24.9,1008.7,9.6,9.8,18.1,35,55,37.9,0.4,0,0,327,"02-11"
"970",7,2020,"12",11,2020-12-11,46.4,33.2,1021.8,9.3,2.4,7,15.9,57,36,0,0,0,348,"11-12"
"971",2,2020,"12",20,2020-12-20,34.2,22.3,1022.7,8.9,2.5,8.9,15,39.9,19.9,0,7.1,0,194,"20-12"
"972",1,2021,"12",4,2021-12-04,41.5,24,1019,10,3,9.9,14,48,36,0,0,0,278,"04-12"
"973",1,2021,"12",25,2021-12-25,40.5,36.6,1005.4,5.6,3,7,15,48.9,30,0.05,0,0,189,"25-12"
"974",5,2022,"12",7,2022-12-07,57.1,55.3,1021.2,3.7,3.1,9.9,17.1,59,42.1,1.31,0,1,298,"07-12"
"975",1,2021,"12",11,2021-12-11,53.3,46.8,1012.9,7.5,3.2,8.9,17.1,66.2,44.6,0.09,0,0,307,"11-12"
"976",7,2023,"12",29,2023-12-29,50.1,44.5,1004.3,6.3,3.2,8.9,15,55,48,0.11,0,0,263,"29-12"
"977",7,2022,"12",30,2022-12-30,51.9,31.1,1024.8,9.5,3.3,8.9,17.1,62.1,39.9,0,0,0,299,"30-12"
"978",7,2023,"12",1,2023-12-01,46.1,33.6,1020.4,8.8,3.4,8,14,51.1,34,0,0,0,330,"01-12"
"979",1,2020,"12",12,2020-12-12,51.2,44.8,1019.1,6.6,3.6,8.9,15,57,39,0,0,0,285,"12-12"
"980",4,2022,"12",6,2022-12-06,49.2,43.3,1025.9,7.8,3.7,8,15,57.9,36,0,0,0,318,"06-12"
"981",7,2023,"12",22,2023-12-22,31.1,10.4,1031.2,10,3.8,8,15.9,42.1,25,0,0,0,323,"22-12"
"982",5,2020,"12",30,2020-12-30,33.4,15.3,1030.4,10,3.9,11.1,17.1,43,28,0,0,0,238,"30-12"
"983",5,2021,"12",1,2021-12-01,43.3,25.9,1018.5,10,4,8.9,19,48.9,30.9,0,0,0,266,"01-12"
"984",3,2020,"12",28,2020-12-28,42.3,28.7,1022.3,10,4.1,6,15,50,24.1,0,0,0,217,"28-12"
"985",3,2021,"12",6,2021-12-06,51.6,44.6,1013.8,6.8,4.1,7,19,61,39,0.3,0,1,345,"06-12"
"986",6,2022,"12",8,2022-12-08,51.9,41.4,1021.8,9.5,4.1,8,14,59,48,0.26,0,0,286,"08-12"
"987",2,2020,"12",27,2020-12-27,29.5,14.5,1022.5,10,4.2,8.9,14,37,24.1,0,0,0,184,"27-12"
"988",6,2021,"12",2,2021-12-02,51.7,39.9,1010.8,9.7,4.2,7,17.1,57.9,39.9,0.04,0,0,319,"02-12"
"989",4,2021,"12",21,2021-12-21,36.3,20.3,1019.6,10,4.2,7,15.9,43,25,0,0,0,256,"21-12"
"990",5,2022,"12",28,2022-12-28,38.3,20.8,1026,10,4.4,8.9,18.1,46.9,28.9,0,0,0,221,"28-12"
"991",1,2023,"12",16,2023-12-16,50.5,29.8,1030,10,4.5,8.9,14,57.9,37,0,0,0,239,"16-12"
"992",5,2023,"12",6,2023-12-06,38.5,23.3,1015.4,10,4.5,11.1,15.9,43,36,0,0,0,222,"06-12"
"993",3,2023,"12",4,2023-12-04,49.2,39.2,1007.2,8.3,4.7,11.1,15,54,45,0.4,0,0,271,"04-12"
"994",1,2022,"12",3,2022-12-03,52.1,44.2,1023.2,8.2,4.7,11.1,22,57.9,32,0,0,0,280,"03-12"
"995",4,2021,"12",14,2021-12-14,48.1,19.2,1029.1,10,4.7,7,18.1,53.1,39.9,0,0,0,322,"14-12"
"996",5,2020,"12",23,2020-12-23,40.5,22.5,1025.6,10,4.8,8.9,17.1,46,36,0,3.1,0,360,"23-12"
"997",2,2021,"12",19,2021-12-19,40.9,32,1015.8,7.1,4.8,11.1,21,48,33.1,0.08,0,0,291,"19-12"
"998",4,2023,"12",12,2023-12-12,39.6,21.4,1026.2,10,4.9,8.9,19,50,36,0.05,0,0,313,"12-12"
"999",3,2021,"12",27,2021-12-27,37.4,22.5,1017.8,10,4.9,11.1,19,51.1,34,0,0,0,207,"27-12"
"1000",2,2023,"12",31,2023-12-31,41.5,24.8,1012.8,10,4.9,7,15.9,46,39,0,0,0,186,"31-12"
"1001",5,2021,"12",29,2021-12-29,42.6,37.4,1011.7,6.3,5,11.1,14,46.9,36,0.19,0,0,192,"29-12"
"1002",6,2021,"12",9,2021-12-09,34.8,21.8,1019.8,9.4,5.1,9.9,22,42.1,30.9,0.04,0,0,283,"09-12"
"1003",6,2022,"12",29,2022-12-29,44.9,24.6,1025.6,10,5.2,8,18.1,51.1,33.1,0,0,0,203,"29-12"
"1004",7,2020,"12",4,2020-12-04,48.2,30.6,1018,10,5.2,8.9,20,52,35.1,0,0,0,372,"04-12"
"1005",4,2020,"12",1,2020-12-01,53.1,44.6,999.9,9.5,5.3,17.1,28,63,42.1,0.98,0,0,269,"01-12"
"1006",2,2022,"12",4,2022-12-04,43,22.8,1021.3,10,5.3,12,22.9,57.9,37.9,0.49,0,0,255,"04-12"
"1007",5,2023,"12",20,2023-12-20,35.6,18.6,1026.9,10,5.3,9.9,17.1,46,30,0,0,0,283,"20-12"
"1008",3,2020,"12",7,2020-12-07,34.8,19.4,1008.7,10,5.3,8.9,15,39.9,32,0,0,0,281,"07-12"
"1009",6,2023,"12",21,2023-12-21,38,21.6,1029,10,5.3,8.9,17.1,46,30,0,0,0,284,"21-12"
"1010",1,2023,"12",30,2023-12-30,43.9,32.8,1003.5,9.9,5.3,8.9,17.1,55,39,0.01,0,0,228,"30-12"
"1011",5,2023,"12",13,2023-12-13,41.8,22.7,1030.1,10,5.4,8.9,17.1,46.9,36,0,0,0,264,"13-12"
"1012",4,2020,"12",22,2020-12-22,41.3,30.4,1008.1,7.1,5.4,11.1,21,46,37,0,5.1,0,320,"22-12"
"1013",5,2021,"12",22,2021-12-22,41.2,29.7,1005.6,8.7,5.4,11.1,21,46.9,30.9,0.12,0,0,278,"22-12"
"1014",7,2023,"12",15,2023-12-15,44.8,22.4,1028.8,10,5.4,8.9,17.1,57.9,33.1,0,0,0,309,"15-12"
"1015",7,2022,"12",9,2022-12-09,40.8,25.5,1024.8,10,5.4,9.9,15,55,36,0,0,0,305,"09-12"
"1016",6,2020,"12",31,2020-12-31,43.9,33.8,1019.1,8.3,5.5,11.1,22.9,48,28,0.09,0,0,278,"31-12"
"1017",4,2022,"12",20,2022-12-20,34.4,18.7,1027.9,10,5.5,8.9,17.1,39,30.9,0,0,0,266,"20-12"
"1018",6,2021,"12",23,2021-12-23,33.3,14,1018.3,10,5.5,12,22.9,46.9,30.9,0,0,0,302,"23-12"
"1019",6,2022,"12",22,2022-12-22,38.9,30.6,1028.8,9.3,5.6,15.9,22.9,45,27,0,0,0,290,"22-12"
"1020",5,2022,"12",14,2022-12-14,33.8,16.9,1020.4,10,5.6,9.9,17.1,39.9,25,0,0,0,261,"14-12"
"1021",6,2023,"12",14,2023-12-14,36.8,16,1036.1,10,5.6,9.9,15.9,46.9,33.1,0,0,0,279,"14-12"
"1022",2,2023,"12",3,2023-12-03,51.4,47.2,1010,3.9,5.7,14,20,60.1,46.9,0.15,0,0,260,"03-12"
"1023",6,2020,"12",10,2020-12-10,41.2,29.7,1015,9.2,5.7,12,20,48.9,30.9,0.05,0,0,311,"10-12"
"1024",3,2022,"12",12,2022-12-12,34,28.4,1020.7,7.6,5.8,8.9,17.1,39.9,30.9,0.33,0,0,282,"12-12"
"1025",2,2020,"12",13,2020-12-13,55.4,44.2,1013.9,9.9,5.9,9.9,17.1,62.1,46,0,0,0,265,"13-12"
"1026",6,2023,"12",7,2023-12-07,35.2,20.7,1016.8,10,6,11.1,18.1,43,32,0,0,0,269,"07-12"
"1027",2,2023,"12",17,2023-12-17,49.5,43.5,1026.7,9.1,6,9.9,15,55,46,0,0,0,239,"17-12"
"1028",4,2021,"12",7,2021-12-07,41.7,23.1,1018.3,9.4,6.1,17.1,33,61,36,0.12,0,0,321,"07-12"
"1029",6,2020,"12",24,2020-12-24,50.9,42.6,1022.1,9.7,6.1,12,24.1,57.9,36,0,2,0,315,"24-12"
"1030",6,2020,"12",3,2020-12-03,41,23,1021.2,10,6.2,11.1,21,50,35.1,0,0,0,252,"03-12"
"1031",1,2020,"12",5,2020-12-05,44.1,38.8,1007.5,7,6.3,13,29.9,52,39.9,0.81,0,0,278,"05-12"
"1032",2,2022,"12",18,2022-12-18,36.6,20.6,1011.8,10,6.3,9.9,17.1,44.1,33.1,0,0,0,241,"18-12"
"1033",1,2022,"12",10,2022-12-10,36,18.9,1027.3,10,6.4,9.9,18.1,45,32,0,0,0,253,"10-12"
"1034",7,2021,"12",17,2021-12-17,58,29.3,1015.6,10,6.5,12,20,62.1,53.1,0,0,0,305,"17-12"
"1035",5,2020,"12",9,2020-12-09,34.1,21.6,1009.9,8.7,6.5,13,21,37.9,30,0,0,1,280,"09-12"
"1036",6,2021,"12",16,2021-12-16,56.7,43.8,1019.3,10,6.5,11.1,20,62.1,39.9,0,0,0,317,"16-12"
"1037",3,2021,"12",13,2021-12-13,45.1,18.7,1023.9,10,6.6,12,17.1,55.9,39.9,0,0,0,302,"13-12"
"1038",3,2022,"12",19,2022-12-19,33.9,19,1021.1,10,6.6,9.9,22,39.9,30.9,0,0,0,277,"19-12"
"1039",3,2022,"12",26,2022-12-26,22.9,6.1,1021,10,6.7,11.1,20,28.9,14,0,0,0,189,"26-12"
"1040",4,2023,"12",19,2023-12-19,40.5,25.3,1010.3,10,7,11.1,22,46.9,35.1,0.75,0,0,271,"19-12"
"1041",6,2022,"12",15,2022-12-15,36.6,27.7,1022.1,9.3,7,13,21,41,33.1,0,0,0,335,"15-12"
"1042",3,2023,"12",18,2023-12-18,56.1,51.8,995.7,4.8,7.1,15.9,31.1,62.1,46.9,1.72,0,0,297,"18-12"
"1043",3,2023,"12",11,2023-12-11,46.8,39.6,1010,7.6,7.1,12,24.1,61,37.9,1.62,0,0,295,"11-12"
"1044",1,2022,"12",17,2022-12-17,40.2,29.8,1005.7,9.8,7.2,11.1,20,44.1,37,0.59,0,0,278,"17-12"
"1045",2,2022,"12",11,2022-12-11,37.8,31.1,1024.4,9.1,7.3,12,19,39.9,32,0,0,0,234,"11-12"
"1046",4,2020,"12",8,2020-12-08,32.5,19.8,1007,10,7.3,11.1,18.1,39.9,30,0,0,0,282,"08-12"
"1047",4,2020,"12",15,2020-12-15,35.8,18.1,1021.7,10,7.3,11.1,19,46.9,33.1,0.26,0,0,315,"15-12"
"1048",2,2022,"12",25,2022-12-25,19.3,3,1012.4,10,7.5,12,22.9,28,7,0,0,0,181,"25-12"
"1049",7,2021,"12",3,2021-12-03,46.2,26,1010,10,7.5,12,27,57.9,41,0,0,0,343,"03-12"
"1050",2,2021,"12",26,2021-12-26,46.8,33.7,1008.3,9.7,7.6,13,24.1,52,36,0.11,0,0,186,"26-12"
"1051",2,2021,"12",12,2021-12-12,49.9,28.1,1014.1,9.7,7.6,17.1,27,66,42.1,0.08,0,0,266,"12-12"
"1052",6,2023,"12",28,2023-12-28,50.9,48,1005.4,5.8,7.7,14,27,55,45,1.47,0,0,272,"28-12"
"1053",4,2020,"12",29,2020-12-29,39.2,18.2,1025.6,10,8.1,15,22.9,50,34,0,0,0,244,"29-12"
"1054",6,2022,"12",1,2022-12-01,40.6,20.2,1019.4,10,8.4,14,24.1,57.9,36,0.5,0,0,291,"01-12"
"1055",5,2020,"12",2,2020-12-02,39.6,25.6,1011.9,10,8.5,14,27,43,36,0,0,0,235,"02-12"
"1056",5,2020,"12",16,2020-12-16,28.8,12.2,1027.8,8.5,8.5,19,29.9,39,24.1,0,0,1,341,"16-12"
"1057",7,2022,"12",23,2022-12-23,43.4,38.5,996.8,6.5,9,20,35,57.9,16,1.99,0,1,311,"23-12"
"1058",1,2020,"12",26,2020-12-26,28.8,13.9,1010.6,10,9.1,15,25.1,35.1,24.1,0.21,0,0,226,"26-12"
"1059",2,2020,"12",6,2020-12-06,37.8,21.7,1008.4,10,9.6,15.9,26,46.9,35.1,0.32,0,0,241,"06-12"
"1060",7,2020,"12",25,2020-12-25,53.7,49.6,1001.6,6.6,9.8,18.1,39,61,36,0.95,1.2,1,168,"25-12"
"1061",6,2020,"12",17,2020-12-17,27.7,22.3,1012.8,3.7,10.1,18.1,33,33.1,24.1,1.43,0,1,233,"17-12"
"1062",1,2022,"12",24,2022-12-24,10.3,-6,1006.9,10,10.2,17.1,31.1,16,7,0.07,0,0,267,"24-12"
"1063",7,2022,"12",16,2022-12-16,42.1,39.8,1008,4.8,10.8,15,28,44.6,37.9,0.77,0,0,373,"16-12"
